,Iteration,Fitness,FEvals,Time,State,Restarts,max_iters,current_restart
0,0,433.0,0,0.00034029100788757205,"[np.int64(1), np.int64(0), np.int64(3), np.int64(0), np.int64(2), np.int64(3), np.int64(3), np.int64(1), np.int64(3), np.int64(1), np.int64(3), np.int64(2), np.int64(0), np.int64(1), np.int64(1), np.int64(3), np.int64(3), np.int64(3), np.int64(1), np.int64(1), np.int64(1), np.int64(3), np.int64(3), np.int64(2), np.int64(2), np.int64(2), np.int64(0), np.int64(3), np.int64(3), np.int64(1), np.int64(2), np.int64(3), np.int64(1), np.int64(3), np.int64(3), np.int64(1), np.int64(1), np.int64(1), np.int64(0), np.int64(2), np.int64(2), np.int64(0), np.int64(1), np.int64(1), np.int64(0), np.int64(3), np.int64(0), np.int64(0), np.int64(3), np.int64(2), np.int64(1), np.int64(2), np.int64(1), np.int64(2), np.int64(0), np.int64(2), np.int64(0), np.int64(1), np.int64(1), np.int64(1), np.int64(0), np.int64(3), np.int64(0), np.int64(3), np.int64(0), np.int64(0), np.int64(0), np.int64(0), np.int64(1), np.int64(3), np.int64(3), np.int64(0), np.int64(3), np.int64(2), np.int64(2), np.int64(1), np.int64(1), np.int64(1), np.int64(2), np.int64(1), np.int64(1), np.int64(0), np.int64(1), np.int64(2), np.int64(1), np.int64(1), np.int64(0), np.int64(0), np.int64(1), np.int64(1), np.int64(2), np.int64(3), np.int64(3), np.int64(1), np.int64(3), np.int64(3), np.int64(3), np.int64(2), np.int64(2), np.int64(1), np.int64(2), np.int64(3), np.int64(2), np.int64(0), np.int64(3), np.int64(3), np.int64(1), np.int64(1), np.int64(1), np.int64(2), np.int64(1), np.int64(1), np.int64(1), np.int64(2), np.int64(0), np.int64(3), np.int64(1), np.int64(0), np.int64(3), np.int64(1), np.int64(1), np.int64(2), np.int64(0), np.int64(2), np.int64(3), np.int64(0), np.int64(2), np.int64(0), np.int64(2), np.int64(0), np.int64(0), np.int64(3), np.int64(3), np.int64(3), np.int64(0), np.int64(0), np.int64(3), np.int64(1), np.int64(3), np.int64(2), np.int64(3), np.int64(0), np.int64(3), np.int64(0), np.int64(3), np.int64(3), np.int64(1), np.int64(2), np.int64(1), np.int64(0), np.int64(0), np.int64(3), np.int64(0), np.int64(3), np.int64(0), np.int64(0), np.int64(1), np.int64(0), np.int64(2), np.int64(2), np.int64(2), np.int64(0), np.int64(0), np.int64(2), np.int64(0), np.int64(2), np.int64(3), np.int64(2), np.int64(3), np.int64(3), np.int64(0), np.int64(1), np.int64(1), np.int64(1), np.int64(0), np.int64(0), np.int64(3), np.int64(3), np.int64(1), np.int64(3), np.int64(0), np.int64(3), np.int64(0), np.int64(1), np.int64(2), np.int64(2), np.int64(0), np.int64(2), np.int64(1), np.int64(3), np.int64(3), np.int64(3), np.int64(1), np.int64(2), np.int64(1), np.int64(2), np.int64(3), np.int64(2), np.int64(1), np.int64(2), np.int64(3), np.int64(3), np.int64(0), np.int64(0), np.int64(2), np.int64(1), np.int64(3), np.int64(1), np.int64(2), np.int64(2), np.int64(1), np.int64(0), np.int64(2), np.int64(3), np.int64(0), np.int64(2), np.int64(0), np.int64(3), np.int64(2), np.int64(1), np.int64(2), np.int64(1), np.int64(0), np.int64(1), np.int64(1), np.int64(2), np.int64(2), np.int64(3), np.int64(0), np.int64(1), np.int64(0), np.int64(3), np.int64(0), np.int64(0), np.int64(2), np.int64(0), np.int64(3), np.int64(1), np.int64(0), np.int64(3), np.int64(2), np.int64(1), np.int64(3), np.int64(0), np.int64(1), np.int64(2), np.int64(0), np.int64(0), np.int64(0), np.int64(2), np.int64(1), np.int64(3), np.int64(0), np.int64(0), np.int64(0), np.int64(0), np.int64(1), np.int64(3), np.int64(2), np.int64(2), np.int64(1), np.int64(0), np.int64(1), np.int64(1), np.int64(1), np.int64(3), np.int64(3), np.int64(1), np.int64(1), np.int64(3), np.int64(1), np.int64(3), np.int64(3), np.int64(2), np.int64(2), np.int64(3), np.int64(1), np.int64(1), np.int64(1), np.int64(2), np.int64(0), np.int64(3), np.int64(0), np.int64(0), np.int64(1), np.int64(0), np.int64(1), np.int64(0), np.int64(3), np.int64(2), np.int64(2), np.int64(1), np.int64(0), np.int64(0), np.int64(0), np.int64(0), np.int64(0), np.int64(3), np.int64(2), np.int64(1)]",10,1000,0
1,1000,564.0,1031,0.2450653329724446,"[np.int64(0), np.int64(0), np.int64(3), np.int64(0), np.int64(3), np.int64(3), np.int64(3), np.int64(1), np.int64(3), np.int64(1), np.int64(3), np.int64(3), np.int64(0), np.int64(3), np.int64(1), np.int64(3), np.int64(0), np.int64(3), np.int64(1), np.int64(1), np.int64(3), np.int64(1), np.int64(3), np.int64(2), np.int64(2), np.int64(2), np.int64(1), np.int64(3), np.int64(3), np.int64(1), np.int64(2), np.int64(3), np.int64(1), np.int64(3), np.int64(3), np.int64(2), np.int64(1), np.int64(1), np.int64(0), np.int64(3), np.int64(2), np.int64(0), np.int64(1), np.int64(3), np.int64(0), np.int64(3), np.int64(0), np.int64(0), np.int64(1), np.int64(1), np.int64(1), np.int64(1), np.int64(1), np.int64(2), np.int64(0), np.int64(2), np.int64(0), np.int64(1), np.int64(0), np.int64(1), np.int64(0), np.int64(2), np.int64(0), np.int64(3), np.int64(0), np.int64(0), np.int64(1), np.int64(0), np.int64(1), np.int64(3), np.int64(3), np.int64(0), np.int64(2), np.int64(3), np.int64(2), np.int64(3), np.int64(1), np.int64(2), np.int64(2), np.int64(1), np.int64(1), np.int64(0), np.int64(3), np.int64(2), np.int64(1), np.int64(1), np.int64(0), np.int64(0), np.int64(1), np.int64(1), np.int64(2), np.int64(0), np.int64(0), np.int64(0), np.int64(1), np.int64(0), np.int64(2), np.int64(2), np.int64(2), np.int64(1), np.int64(3), np.int64(3), np.int64(3), np.int64(3), np.int64(3), np.int64(2), np.int64(1), np.int64(1), np.int64(3), np.int64(2), np.int64(3), np.int64(1), np.int64(1), np.int64(2), np.int64(0), np.int64(0), np.int64(2), np.int64(1), np.int64(3), np.int64(1), np.int64(1), np.int64(2), np.int64(0), np.int64(0), np.int64(0), np.int64(3), np.int64(2), np.int64(2), np.int64(2), np.int64(0), np.int64(2), np.int64(3), np.int64(3), np.int64(2), np.int64(0), np.int64(0), np.int64(3), np.int64(2), np.int64(2), np.int64(2), np.int64(3), np.int64(0), np.int64(0), np.int64(2), np.int64(0), np.int64(1), np.int64(1), np.int64(2), np.int64(3), np.int64(0), np.int64(2), np.int64(3), np.int64(0), np.int64(3), np.int64(2), np.int64(0), np.int64(1), np.int64(1), np.int64(1), np.int64(2), np.int64(2), np.int64(0), np.int64(0), np.int64(0), np.int64(1), np.int64(2), np.int64(1), np.int64(0), np.int64(3), np.int64(3), np.int64(2), np.int64(0), np.int64(1), np.int64(2), np.int64(3), np.int64(3), np.int64(3), np.int64(3), np.int64(0), np.int64(3), np.int64(1), np.int64(2), np.int64(0), np.int64(1), np.int64(3), np.int64(2), np.int64(1), np.int64(2), np.int64(0), np.int64(3), np.int64(3), np.int64(3), np.int64(1), np.int64(2), np.int64(0), np.int64(2), np.int64(2), np.int64(2), np.int64(1), np.int64(2), np.int64(0), np.int64(3), np.int64(0), np.int64(0), np.int64(2), np.int64(1), np.int64(3), np.int64(1), np.int64(1), np.int64(0), np.int64(1), np.int64(0), np.int64(2), np.int64(3), np.int64(2), np.int64(2), np.int64(0), np.int64(3), np.int64(2), np.int64(1), np.int64(0), np.int64(1), np.int64(0), np.int64(1), np.int64(3), np.int64(2), np.int64(2), np.int64(3), np.int64(0), np.int64(1), np.int64(0), np.int64(3), np.int64(1), np.int64(2), np.int64(2), np.int64(3), np.int64(3), np.int64(1), np.int64(0), np.int64(3), np.int64(2), np.int64(2), np.int64(3), np.int64(0), np.int64(1), np.int64(2), np.int64(0), np.int64(0), np.int64(0), np.int64(2), np.int64(1), np.int64(3), np.int64(0), np.int64(2), np.int64(0), np.int64(0), np.int64(1), np.int64(2), np.int64(0), np.int64(2), np.int64(0), np.int64(0), np.int64(3), np.int64(1), np.int64(3), np.int64(0), np.int64(3), np.int64(1), np.int64(1), np.int64(3), np.int64(1), np.int64(2), np.int64(3), np.int64(2), np.int64(1), np.int64(3), np.int64(0), np.int64(3), np.int64(1), np.int64(2), np.int64(0), np.int64(3), np.int64(0), np.int64(0), np.int64(0), np.int64(3), np.int64(1), np.int64(3), np.int64(3), np.int64(2), np.int64(2), np.int64(1), np.int64(0), np.int64(0), np.int64(3), np.int64(0), np.int64(0), np.int64(3), np.int64(2), np.int64(1)]",10,1000,0
2,0,428.0,1031,0.2514361249632202,"[np.int64(2), np.int64(1), np.int64(3), np.int64(3), np.int64(2), np.int64(3), np.int64(1), np.int64(2), np.int64(3), np.int64(2), np.int64(3), np.int64(3), np.int64(0), np.int64(3), np.int64(0), np.int64(1), np.int64(0), np.int64(2), np.int64(1), np.int64(0), np.int64(1), np.int64(3), np.int64(1), np.int64(3), np.int64(2), np.int64(3), np.int64(3), np.int64(3), np.int64(0), np.int64(2), np.int64(1), np.int64(3), np.int64(1), np.int64(1), np.int64(3), np.int64(0), np.int64(2), np.int64(3), np.int64(3), np.int64(2), np.int64(0), np.int64(2), np.int64(3), np.int64(2), np.int64(1), np.int64(1), np.int64(1), np.int64(0), np.int64(1), np.int64(2), np.int64(0), np.int64(2), np.int64(0), np.int64(2), np.int64(3), np.int64(0), np.int64(3), np.int64(3), np.int64(3), np.int64(3), np.int64(3), np.int64(3), np.int64(2), np.int64(1), np.int64(0), np.int64(2), np.int64(2), np.int64(2), np.int64(2), np.int64(1), np.int64(1), np.int64(0), np.int64(0), np.int64(2), np.int64(0), np.int64(3), np.int64(2), np.int64(0), np.int64(0), np.int64(3), np.int64(2), np.int64(1), np.int64(2), np.int64(1), np.int64(0), np.int64(1), np.int64(2), np.int64(0), np.int64(1), np.int64(1), np.int64(2), np.int64(0), np.int64(0), np.int64(1), np.int64(1), np.int64(1), np.int64(3), np.int64(0), np.int64(1), np.int64(1), np.int64(0), np.int64(3), np.int64(0), np.int64(3), np.int64(2), np.int64(0), np.int64(0), np.int64(2), np.int64(0), np.int64(2), np.int64(3), np.int64(0), np.int64(2), np.int64(1), np.int64(3), np.int64(3), np.int64(1), np.int64(1), np.int64(2), np.int64(1), np.int64(0), np.int64(2), np.int64(3), np.int64(0), np.int64(0), np.int64(3), np.int64(0), np.int64(3), np.int64(3), np.int64(3), np.int64(3), np.int64(2), np.int64(0), np.int64(1), np.int64(2), np.int64(1), np.int64(2), np.int64(0), np.int64(3), np.int64(1), np.int64(2), np.int64(0), np.int64(0), np.int64(2), np.int64(3), np.int64(2), np.int64(2), np.int64(2), np.int64(3), np.int64(1), np.int64(2), np.int64(0), np.int64(1), np.int64(0), np.int64(0), np.int64(2), np.int64(1), np.int64(2), np.int64(0), np.int64(2), np.int64(3), np.int64(3), np.int64(2), np.int64(2), np.int64(2), np.int64(2), np.int64(2), np.int64(3), np.int64(1), np.int64(2), np.int64(1), np.int64(2), np.int64(1), np.int64(3), np.int64(0), np.int64(1), np.int64(3), np.int64(1), np.int64(3), np.int64(0), np.int64(3), np.int64(2), np.int64(2), np.int64(1), np.int64(2), np.int64(2), np.int64(0), np.int64(2), np.int64(2), np.int64(1), np.int64(2), np.int64(2), np.int64(3), np.int64(3), np.int64(1), np.int64(1), np.int64(1), np.int64(2), np.int64(2), np.int64(2), np.int64(2), np.int64(2), np.int64(2), np.int64(3), np.int64(1), np.int64(1), np.int64(2), np.int64(0), np.int64(3), np.int64(1), np.int64(3), np.int64(2), np.int64(3), np.int64(1), np.int64(3), np.int64(3), np.int64(0), np.int64(3), np.int64(1), np.int64(1), np.int64(1), np.int64(1), np.int64(2), np.int64(0), np.int64(2), np.int64(1), np.int64(3), np.int64(1), np.int64(1), np.int64(0), np.int64(0), np.int64(3), np.int64(2), np.int64(1), np.int64(0), np.int64(3), np.int64(1), np.int64(2), np.int64(2), np.int64(0), np.int64(2), np.int64(3), np.int64(0), np.int64(1), np.int64(0), np.int64(3), np.int64(3), np.int64(2), np.int64(1), np.int64(3), np.int64(2), np.int64(1), np.int64(1), np.int64(3), np.int64(1), np.int64(1), np.int64(2), np.int64(0), np.int64(1), np.int64(2), np.int64(2), np.int64(2), np.int64(3), np.int64(3), np.int64(0), np.int64(3), np.int64(2), np.int64(2), np.int64(0), np.int64(2), np.int64(3), np.int64(2), np.int64(0), np.int64(0), np.int64(0), np.int64(1), np.int64(3), np.int64(0), np.int64(1), np.int64(3), np.int64(1), np.int64(3), np.int64(3), np.int64(3), np.int64(0), np.int64(3), np.int64(1), np.int64(2), np.int64(2), np.int64(3), np.int64(0), np.int64(3), np.int64(1), np.int64(2), np.int64(1), np.int64(1), np.int64(2), np.int64(0), np.int64(1), np.int64(2)]",10,1000,1
3,1000,568.0,2134,0.6874092079815455,"[np.int64(0), np.int64(1), np.int64(2), np.int64(1), np.int64(0), np.int64(3), np.int64(1), np.int64(2), np.int64(3), np.int64(2), np.int64(3), np.int64(3), np.int64(2), np.int64(3), np.int64(0), np.int64(1), np.int64(0), np.int64(1), np.int64(1), np.int64(0), np.int64(2), np.int64(3), np.int64(1), np.int64(3), np.int64(1), np.int64(1), np.int64(3), np.int64(3), np.int64(0), np.int64(2), np.int64(1), np.int64(3), np.int64(1), np.int64(1), np.int64(3), np.int64(2), np.int64(2), np.int64(3), np.int64(3), np.int64(2), np.int64(0), np.int64(2), np.int64(0), np.int64(2), np.int64(1), np.int64(2), np.int64(1), np.int64(0), np.int64(1), np.int64(2), np.int64(2), np.int64(2), np.int64(0), np.int64(3), np.int64(1), np.int64(3), np.int64(3), np.int64(3), np.int64(2), np.int64(1), np.int64(3), np.int64(3), np.int64(2), np.int64(1), np.int64(0), np.int64(2), np.int64(2), np.int64(3), np.int64(2), np.int64(1), np.int64(0), np.int64(0), np.int64(0), np.int64(2), np.int64(0), np.int64(3), np.int64(2), np.int64(0), np.int64(2), np.int64(1), np.int64(2), np.int64(1), np.int64(0), np.int64(1), np.int64(0), np.int64(1), np.int64(0), np.int64(3), np.int64(3), np.int64(1), np.int64(0), np.int64(0), np.int64(3), np.int64(1), np.int64(1), np.int64(3), np.int64(1), np.int64(3), np.int64(1), np.int64(0), np.int64(0), np.int64(0), np.int64(0), np.int64(1), np.int64(2), np.int64(0), np.int64(0), np.int64(0), np.int64(0), np.int64(2), np.int64(2), np.int64(0), np.int64(2), np.int64(1), np.int64(1), np.int64(3), np.int64(1), np.int64(1), np.int64(2), np.int64(1), np.int64(0), np.int64(0), np.int64(3), np.int64(3), np.int64(0), np.int64(0), np.int64(2), np.int64(3), np.int64(3), np.int64(3), np.int64(3), np.int64(2), np.int64(0), np.int64(0), np.int64(0), np.int64(1), np.int64(0), np.int64(0), np.int64(0), np.int64(1), np.int64(2), np.int64(0), np.int64(0), np.int64(2), np.int64(1), np.int64(2), np.int64(0), np.int64(2), np.int64(0), np.int64(1), np.int64(1), np.int64(3), np.int64(1), np.int64(1), np.int64(3), np.int64(1), np.int64(0), np.int64(2), np.int64(1), np.int64(3), np.int64(3), np.int64(0), np.int64(2), np.int64(3), np.int64(2), np.int64(2), np.int64(2), np.int64(3), np.int64(3), np.int64(2), np.int64(1), np.int64(0), np.int64(1), np.int64(3), np.int64(0), np.int64(3), np.int64(3), np.int64(2), np.int64(3), np.int64(0), np.int64(3), np.int64(2), np.int64(2), np.int64(1), np.int64(2), np.int64(2), np.int64(0), np.int64(2), np.int64(1), np.int64(3), np.int64(0), np.int64(2), np.int64(3), np.int64(3), np.int64(1), np.int64(1), np.int64(1), np.int64(2), np.int64(3), np.int64(0), np.int64(2), np.int64(0), np.int64(0), np.int64(0), np.int64(3), np.int64(3), np.int64(1), np.int64(1), np.int64(3), np.int64(1), np.int64(2), np.int64(2), np.int64(3), np.int64(1), np.int64(3), np.int64(0), np.int64(0), np.int64(3), np.int64(1), np.int64(1), np.int64(0), np.int64(1), np.int64(2), np.int64(0), np.int64(2), np.int64(2), np.int64(3), np.int64(1), np.int64(3), np.int64(0), np.int64(0), np.int64(0), np.int64(2), np.int64(2), np.int64(0), np.int64(3), np.int64(1), np.int64(2), np.int64(2), np.int64(0), np.int64(0), np.int64(3), np.int64(0), np.int64(3), np.int64(0), np.int64(1), np.int64(3), np.int64(2), np.int64(1), np.int64(2), np.int64(2), np.int64(3), np.int64(1), np.int64(3), np.int64(2), np.int64(3), np.int64(2), np.int64(0), np.int64(3), np.int64(0), np.int64(2), np.int64(2), np.int64(3), np.int64(3), np.int64(0), np.int64(3), np.int64(2), np.int64(2), np.int64(0), np.int64(2), np.int64(3), np.int64(2), np.int64(0), np.int64(0), np.int64(0), np.int64(2), np.int64(3), np.int64(0), np.int64(1), np.int64(2), np.int64(1), np.int64(0), np.int64(3), np.int64(3), np.int64(1), np.int64(3), np.int64(3), np.int64(2), np.int64(2), np.int64(3), np.int64(0), np.int64(0), np.int64(1), np.int64(2), np.int64(1), np.int64(1), np.int64(1), np.int64(0), np.int64(1), np.int64(2)]",10,1000,1
4,0,443.0,2134,0.6971754159894772,"[np.int64(0), np.int64(3), np.int64(2), np.int64(3), np.int64(0), np.int64(1), np.int64(2), np.int64(0), np.int64(3), np.int64(2), np.int64(2), np.int64(1), np.int64(3), np.int64(3), np.int64(0), np.int64(3), np.int64(2), np.int64(3), np.int64(1), np.int64(3), np.int64(3), np.int64(0), np.int64(1), np.int64(0), np.int64(3), np.int64(2), np.int64(1), np.int64(0), np.int64(1), np.int64(2), np.int64(2), np.int64(0), np.int64(0), np.int64(0), np.int64(2), np.int64(3), np.int64(1), np.int64(0), np.int64(3), np.int64(3), np.int64(3), np.int64(1), np.int64(2), np.int64(3), np.int64(1), np.int64(0), np.int64(3), np.int64(0), np.int64(0), np.int64(2), np.int64(2), np.int64(3), np.int64(2), np.int64(1), np.int64(3), np.int64(3), np.int64(0), np.int64(3), np.int64(2), np.int64(3), np.int64(2), np.int64(0), np.int64(0), np.int64(0), np.int64(1), np.int64(1), np.int64(2), np.int64(1), np.int64(2), np.int64(3), np.int64(3), np.int64(0), np.int64(1), np.int64(2), np.int64(2), np.int64(1), np.int64(2), np.int64(0), np.int64(2), np.int64(0), np.int64(3), np.int64(3), np.int64(1), np.int64(3), np.int64(1), np.int64(2), np.int64(1), np.int64(1), np.int64(3), np.int64(0), np.int64(0), np.int64(1), np.int64(1), np.int64(3), np.int64(3), np.int64(2), np.int64(0), np.int64(3), np.int64(1), np.int64(3), np.int64(2), np.int64(3), np.int64(3), np.int64(0), np.int64(2), np.int64(3), np.int64(1), np.int64(1), np.int64(1), np.int64(0), np.int64(0), np.int64(1), np.int64(2), np.int64(1), np.int64(1), np.int64(3), np.int64(0), np.int64(2), np.int64(2), np.int64(0), np.int64(2), np.int64(3), np.int64(2), np.int64(3), np.int64(1), np.int64(2), np.int64(0), np.int64(3), np.int64(3), np.int64(1), np.int64(1), np.int64(0), np.int64(2), np.int64(1), np.int64(3), np.int64(3), np.int64(3), np.int64(3), np.int64(3), np.int64(2), np.int64(3), np.int64(2), np.int64(2), np.int64(3), np.int64(0), np.int64(3), np.int64(2), np.int64(3), np.int64(1), np.int64(1), np.int64(0), np.int64(3), np.int64(1), np.int64(2), np.int64(1), np.int64(0), np.int64(2), np.int64(2), np.int64(0), np.int64(1), np.int64(2), np.int64(1), np.int64(2), np.int64(0), np.int64(3), np.int64(1), np.int64(0), np.int64(3), np.int64(3), np.int64(3), np.int64(0), np.int64(2), np.int64(0), np.int64(1), np.int64(3), np.int64(2), np.int64(2), np.int64(0), np.int64(2), np.int64(0), np.int64(2), np.int64(3), np.int64(1), np.int64(0), np.int64(1), np.int64(1), np.int64(1), np.int64(2), np.int64(3), np.int64(3), np.int64(1), np.int64(1), np.int64(3), np.int64(2), np.int64(2), np.int64(0), np.int64(3), np.int64(3), np.int64(3), np.int64(2), np.int64(2), np.int64(0), np.int64(3), np.int64(0), np.int64(3), np.int64(3), np.int64(3), np.int64(0), np.int64(1), np.int64(2), np.int64(2), np.int64(0), np.int64(0), np.int64(2), np.int64(3), np.int64(0), np.int64(3), np.int64(2), np.int64(2), np.int64(2), np.int64(3), np.int64(0), np.int64(2), np.int64(3), np.int64(3), np.int64(1), np.int64(2), np.int64(0), np.int64(2), np.int64(1), np.int64(2), np.int64(1), np.int64(1), np.int64(2), np.int64(0), np.int64(2), np.int64(3), np.int64(3), np.int64(1), np.int64(3), np.int64(2), np.int64(3), np.int64(2), np.int64(3), np.int64(0), np.int64(3), np.int64(1), np.int64(0), np.int64(0), np.int64(2), np.int64(2), np.int64(1), np.int64(1), np.int64(1), np.int64(1), np.int64(0), np.int64(1), np.int64(3), np.int64(3), np.int64(3), np.int64(1), np.int64(3), np.int64(2), np.int64(0), np.int64(1), np.int64(0), np.int64(2), np.int64(0), np.int64(0), np.int64(1), np.int64(0), np.int64(1), np.int64(2), np.int64(3), np.int64(1), np.int64(2), np.int64(2), np.int64(1), np.int64(1), np.int64(0), np.int64(1), np.int64(3), np.int64(3), np.int64(3), np.int64(2), np.int64(3), np.int64(3), np.int64(0), np.int64(1), np.int64(0), np.int64(0), np.int64(2), np.int64(2), np.int64(2), np.int64(1), np.int64(2), np.int64(3), np.int64(0), np.int64(2), np.int64(0)]",10,1000,2
5,1000,559.0,3032,1.166842541017104,"[np.int64(2), np.int64(1), np.int64(1), np.int64(2), np.int64(0), np.int64(1), np.int64(2), np.int64(0), np.int64(3), np.int64(2), np.int64(2), np.int64(1), np.int64(3), np.int64(3), np.int64(0), np.int64(3), np.int64(3), np.int64(3), np.int64(1), np.int64(3), np.int64(3), np.int64(0), np.int64(3), np.int64(0), np.int64(2), np.int64(2), np.int64(1), np.int64(0), np.int64(0), np.int64(2), np.int64(0), np.int64(1), np.int64(0), np.int64(0), np.int64(1), np.int64(3), np.int64(1), np.int64(3), np.int64(0), np.int64(0), np.int64(0), np.int64(2), np.int64(2), np.int64(1), np.int64(1), np.int64(2), np.int64(3), np.int64(0), np.int64(2), np.int64(2), np.int64(2), np.int64(3), np.int64(2), np.int64(1), np.int64(0), np.int64(0), np.int64(0), np.int64(3), np.int64(2), np.int64(1), np.int64(2), np.int64(0), np.int64(0), np.int64(1), np.int64(1), np.int64(1), np.int64(2), np.int64(1), np.int64(2), np.int64(3), np.int64(3), np.int64(2), np.int64(1), np.int64(1), np.int64(3), np.int64(3), np.int64(2), np.int64(2), np.int64(2), np.int64(0), np.int64(3), np.int64(3), np.int64(1), np.int64(3), np.int64(1), np.int64(2), np.int64(1), np.int64(1), np.int64(2), np.int64(0), np.int64(0), np.int64(2), np.int64(1), np.int64(3), np.int64(3), np.int64(2), np.int64(0), np.int64(3), np.int64(1), np.int64(3), np.int64(0), np.int64(3), np.int64(2), np.int64(0), np.int64(2), np.int64(0), np.int64(1), np.int64(1), np.int64(0), np.int64(0), np.int64(0), np.int64(1), np.int64(2), np.int64(1), np.int64(1), np.int64(2), np.int64(0), np.int64(2), np.int64(1), np.int64(0), np.int64(2), np.int64(3), np.int64(2), np.int64(3), np.int64(1), np.int64(3), np.int64(0), np.int64(3), np.int64(3), np.int64(1), np.int64(1), np.int64(3), np.int64(2), np.int64(1), np.int64(3), np.int64(3), np.int64(3), np.int64(3), np.int64(2), np.int64(2), np.int64(1), np.int64(2), np.int64(2), np.int64(3), np.int64(0), np.int64(0), np.int64(2), np.int64(1), np.int64(1), np.int64(1), np.int64(0), np.int64(3), np.int64(1), np.int64(2), np.int64(0), np.int64(2), np.int64(3), np.int64(1), np.int64(0), np.int64(1), np.int64(2), np.int64(3), np.int64(2), np.int64(0), np.int64(3), np.int64(1), np.int64(0), np.int64(3), np.int64(3), np.int64(3), np.int64(0), np.int64(2), np.int64(0), np.int64(1), np.int64(3), np.int64(2), np.int64(2), np.int64(0), np.int64(2), np.int64(0), np.int64(2), np.int64(0), np.int64(1), np.int64(0), np.int64(1), np.int64(1), np.int64(3), np.int64(2), np.int64(3), np.int64(3), np.int64(2), np.int64(1), np.int64(0), np.int64(2), np.int64(0), np.int64(0), np.int64(3), np.int64(3), np.int64(3), np.int64(2), np.int64(2), np.int64(0), np.int64(3), np.int64(2), np.int64(3), np.int64(3), np.int64(3), np.int64(1), np.int64(0), np.int64(2), np.int64(2), np.int64(3), np.int64(0), np.int64(2), np.int64(3), np.int64(0), np.int64(3), np.int64(2), np.int64(2), np.int64(2), np.int64(3), np.int64(1), np.int64(2), np.int64(3), np.int64(2), np.int64(1), np.int64(2), np.int64(1), np.int64(2), np.int64(0), np.int64(2), np.int64(3), np.int64(1), np.int64(2), np.int64(0), np.int64(2), np.int64(3), np.int64(3), np.int64(1), np.int64(3), np.int64(2), np.int64(3), np.int64(1), np.int64(3), np.int64(0), np.int64(3), np.int64(1), np.int64(0), np.int64(3), np.int64(1), np.int64(2), np.int64(2), np.int64(1), np.int64(1), np.int64(0), np.int64(1), np.int64(3), np.int64(3), np.int64(3), np.int64(0), np.int64(1), np.int64(3), np.int64(2), np.int64(0), np.int64(1), np.int64(0), np.int64(0), np.int64(0), np.int64(3), np.int64(1), np.int64(0), np.int64(1), np.int64(2), np.int64(3), np.int64(1), np.int64(2), np.int64(3), np.int64(0), np.int64(1), np.int64(1), np.int64(1), np.int64(3), np.int64(3), np.int64(3), np.int64(2), np.int64(1), np.int64(3), np.int64(1), np.int64(1), np.int64(0), np.int64(0), np.int64(2), np.int64(2), np.int64(2), np.int64(1), np.int64(1), np.int64(3), np.int64(3), np.int64(0), np.int64(0)]",10,1000,2
6,0,436.0,3032,1.1785999159910716,"[np.int64(1), np.int64(0), np.int64(1), np.int64(0), np.int64(3), np.int64(0), np.int64(3), np.int64(2), np.int64(1), np.int64(1), np.int64(1), np.int64(2), np.int64(1), np.int64(3), np.int64(0), np.int64(1), np.int64(2), np.int64(1), np.int64(2), np.int64(1), np.int64(2), np.int64(1), np.int64(1), np.int64(3), np.int64(2), np.int64(3), np.int64(1), np.int64(2), np.int64(3), np.int64(1), np.int64(3), np.int64(0), np.int64(2), np.int64(2), np.int64(1), np.int64(3), np.int64(3), np.int64(3), np.int64(0), np.int64(2), np.int64(0), np.int64(3), np.int64(2), np.int64(1), np.int64(0), np.int64(3), np.int64(0), np.int64(3), np.int64(3), np.int64(3), np.int64(2), np.int64(0), np.int64(3), np.int64(3), np.int64(1), np.int64(0), np.int64(0), np.int64(1), np.int64(3), np.int64(0), np.int64(0), np.int64(1), np.int64(1), np.int64(0), np.int64(1), np.int64(0), np.int64(3), np.int64(3), np.int64(2), np.int64(2), np.int64(3), np.int64(0), np.int64(0), np.int64(0), np.int64(1), np.int64(0), np.int64(3), np.int64(1), np.int64(3), np.int64(1), np.int64(0), np.int64(2), np.int64(3), np.int64(0), np.int64(2), np.int64(1), np.int64(2), np.int64(0), np.int64(2), np.int64(2), np.int64(0), np.int64(2), np.int64(0), np.int64(3), np.int64(0), np.int64(2), np.int64(2), np.int64(2), np.int64(2), np.int64(2), np.int64(3), np.int64(0), np.int64(3), np.int64(2), np.int64(0), np.int64(3), np.int64(2), np.int64(2), np.int64(2), np.int64(2), np.int64(1), np.int64(1), np.int64(2), np.int64(1), np.int64(1), np.int64(0), np.int64(1), np.int64(0), np.int64(2), np.int64(3), np.int64(2), np.int64(2), np.int64(1), np.int64(2), np.int64(0), np.int64(1), np.int64(1), np.int64(0), np.int64(1), np.int64(3), np.int64(1), np.int64(0), np.int64(2), np.int64(3), np.int64(1), np.int64(0), np.int64(1), np.int64(0), np.int64(1), np.int64(2), np.int64(3), np.int64(0), np.int64(2), np.int64(0), np.int64(1), np.int64(1), np.int64(3), np.int64(1), np.int64(1), np.int64(0), np.int64(0), np.int64(1), np.int64(2), np.int64(1), np.int64(3), np.int64(2), np.int64(0), np.int64(0), np.int64(1), np.int64(1), np.int64(3), np.int64(1), np.int64(3), np.int64(0), np.int64(1), np.int64(3), np.int64(1), np.int64(2), np.int64(0), np.int64(1), np.int64(2), np.int64(2), np.int64(3), np.int64(1), np.int64(3), np.int64(0), np.int64(2), np.int64(0), np.int64(2), np.int64(2), np.int64(0), np.int64(3), np.int64(3), np.int64(2), np.int64(3), np.int64(1), np.int64(3), np.int64(1), np.int64(2), np.int64(3), np.int64(1), np.int64(3), np.int64(0), np.int64(0), np.int64(3), np.int64(3), np.int64(3), np.int64(1), np.int64(1), np.int64(1), np.int64(0), np.int64(3), np.int64(2), np.int64(1), np.int64(3), np.int64(1), np.int64(3), np.int64(0), np.int64(3), np.int64(2), np.int64(0), np.int64(1), np.int64(0), np.int64(2), np.int64(0), np.int64(0), np.int64(3), np.int64(2), np.int64(3), np.int64(1), np.int64(0), np.int64(0), np.int64(2), np.int64(1), np.int64(2), np.int64(3), np.int64(3), np.int64(1), np.int64(1), np.int64(0), np.int64(3), np.int64(1), np.int64(1), np.int64(0), np.int64(0), np.int64(1), np.int64(3), np.int64(1), np.int64(3), np.int64(1), np.int64(3), np.int64(2), np.int64(0), np.int64(1), np.int64(1), np.int64(0), np.int64(3), np.int64(1), np.int64(1), np.int64(1), np.int64(3), np.int64(1), np.int64(2), np.int64(1), np.int64(1), np.int64(0), np.int64(3), np.int64(2), np.int64(0), np.int64(3), np.int64(3), np.int64(1), np.int64(0), np.int64(3), np.int64(2), np.int64(1), np.int64(1), np.int64(1), np.int64(1), np.int64(2), np.int64(1), np.int64(3), np.int64(0), np.int64(3), np.int64(1), np.int64(0), np.int64(1), np.int64(1), np.int64(2), np.int64(2), np.int64(3), np.int64(2), np.int64(0), np.int64(0), np.int64(0), np.int64(1), np.int64(1), np.int64(1), np.int64(1), np.int64(2), np.int64(1), np.int64(0), np.int64(3), np.int64(3), np.int64(3), np.int64(0), np.int64(3), np.int64(1), np.int64(2), np.int64(3)]",10,1000,3
7,1000,568.0,3949,1.7585635830182582,"[np.int64(3), np.int64(0), np.int64(1), np.int64(0), np.int64(3), np.int64(2), np.int64(3), np.int64(0), np.int64(1), np.int64(1), np.int64(1), np.int64(0), np.int64(0), np.int64(3), np.int64(3), np.int64(1), np.int64(2), np.int64(1), np.int64(2), np.int64(3), np.int64(1), np.int64(1), np.int64(1), np.int64(3), np.int64(0), np.int64(1), np.int64(1), np.int64(1), np.int64(3), np.int64(1), np.int64(3), np.int64(0), np.int64(2), np.int64(2), np.int64(1), np.int64(0), np.int64(3), np.int64(2), np.int64(2), np.int64(2), np.int64(0), np.int64(3), np.int64(2), np.int64(1), np.int64(0), np.int64(3), np.int64(3), np.int64(0), np.int64(3), np.int64(3), np.int64(3), np.int64(0), np.int64(3), np.int64(3), np.int64(3), np.int64(0), np.int64(0), np.int64(1), np.int64(3), np.int64(1), np.int64(3), np.int64(0), np.int64(1), np.int64(0), np.int64(1), np.int64(0), np.int64(1), np.int64(0), np.int64(2), np.int64(3), np.int64(3), np.int64(0), np.int64(0), np.int64(0), np.int64(1), np.int64(0), np.int64(0), np.int64(1), np.int64(0), np.int64(2), np.int64(0), np.int64(2), np.int64(2), np.int64(0), np.int64(2), np.int64(3), np.int64(2), np.int64(2), np.int64(1), np.int64(2), np.int64(1), np.int64(2), np.int64(2), np.int64(0), np.int64(0), np.int64(2), np.int64(2), np.int64(2), np.int64(2), np.int64(2), np.int64(2), np.int64(3), np.int64(3), np.int64(2), np.int64(0), np.int64(3), np.int64(3), np.int64(2), np.int64(2), np.int64(2), np.int64(1), np.int64(0), np.int64(2), np.int64(1), np.int64(1), np.int64(0), np.int64(1), np.int64(0), np.int64(1), np.int64(0), np.int64(2), np.int64(3), np.int64(0), np.int64(3), np.int64(0), np.int64(0), np.int64(3), np.int64(1), np.int64(1), np.int64(3), np.int64(2), np.int64(0), np.int64(2), np.int64(2), np.int64(1), np.int64(0), np.int64(1), np.int64(2), np.int64(1), np.int64(3), np.int64(3), np.int64(0), np.int64(2), np.int64(0), np.int64(3), np.int64(0), np.int64(2), np.int64(1), np.int64(1), np.int64(0), np.int64(0), np.int64(1), np.int64(2), np.int64(0), np.int64(3), np.int64(2), np.int64(0), np.int64(0), np.int64(3), np.int64(3), np.int64(3), np.int64(1), np.int64(3), np.int64(0), np.int64(1), np.int64(3), np.int64(1), np.int64(2), np.int64(0), np.int64(1), np.int64(2), np.int64(2), np.int64(3), np.int64(3), np.int64(2), np.int64(0), np.int64(2), np.int64(0), np.int64(1), np.int64(3), np.int64(1), np.int64(3), np.int64(3), np.int64(2), np.int64(1), np.int64(0), np.int64(3), np.int64(0), np.int64(1), np.int64(3), np.int64(2), np.int64(3), np.int64(0), np.int64(2), np.int64(3), np.int64(3), np.int64(3), np.int64(1), np.int64(1), np.int64(3), np.int64(0), np.int64(3), np.int64(3), np.int64(2), np.int64(3), np.int64(1), np.int64(0), np.int64(2), np.int64(1), np.int64(0), np.int64(0), np.int64(1), np.int64(0), np.int64(2), np.int64(2), np.int64(0), np.int64(3), np.int64(2), np.int64(3), np.int64(0), np.int64(0), np.int64(0), np.int64(2), np.int64(1), np.int64(2), np.int64(3), np.int64(3), np.int64(1), np.int64(1), np.int64(0), np.int64(3), np.int64(1), np.int64(1), np.int64(3), np.int64(0), np.int64(2), np.int64(3), np.int64(1), np.int64(3), np.int64(1), np.int64(1), np.int64(2), np.int64(0), np.int64(3), np.int64(1), np.int64(0), np.int64(3), np.int64(3), np.int64(1), np.int64(3), np.int64(0), np.int64(1), np.int64(2), np.int64(0), np.int64(1), np.int64(0), np.int64(3), np.int64(0), np.int64(0), np.int64(3), np.int64(3), np.int64(3), np.int64(0), np.int64(3), np.int64(2), np.int64(1), np.int64(2), np.int64(1), np.int64(1), np.int64(0), np.int64(0), np.int64(0), np.int64(0), np.int64(3), np.int64(1), np.int64(0), np.int64(1), np.int64(0), np.int64(2), np.int64(0), np.int64(3), np.int64(2), np.int64(0), np.int64(0), np.int64(0), np.int64(0), np.int64(1), np.int64(3), np.int64(1), np.int64(2), np.int64(1), np.int64(0), np.int64(0), np.int64(3), np.int64(3), np.int64(0), np.int64(0), np.int64(1), np.int64(2), np.int64(3)]",10,1000,3
8,0,452.0,3949,1.77253383299103,"[np.int64(1), np.int64(2), np.int64(1), np.int64(1), np.int64(1), np.int64(3), np.int64(0), np.int64(3), np.int64(2), np.int64(2), np.int64(3), np.int64(3), np.int64(1), np.int64(0), np.int64(1), np.int64(1), np.int64(1), np.int64(2), np.int64(3), np.int64(2), np.int64(0), np.int64(1), np.int64(1), np.int64(2), np.int64(3), np.int64(1), np.int64(0), np.int64(0), np.int64(3), np.int64(0), np.int64(1), np.int64(2), np.int64(2), np.int64(1), np.int64(1), np.int64(2), np.int64(3), np.int64(3), np.int64(0), np.int64(0), np.int64(0), np.int64(3), np.int64(0), np.int64(3), np.int64(3), np.int64(1), np.int64(0), np.int64(2), np.int64(3), np.int64(2), np.int64(2), np.int64(2), np.int64(0), np.int64(2), np.int64(0), np.int64(0), np.int64(1), np.int64(2), np.int64(0), np.int64(0), np.int64(2), np.int64(2), np.int64(3), np.int64(2), np.int64(3), np.int64(2), np.int64(1), np.int64(3), np.int64(0), np.int64(0), np.int64(2), np.int64(3), np.int64(0), np.int64(0), np.int64(1), np.int64(1), np.int64(3), np.int64(0), np.int64(1), np.int64(2), np.int64(3), np.int64(1), np.int64(1), np.int64(2), np.int64(3), np.int64(2), np.int64(3), np.int64(1), np.int64(3), np.int64(3), np.int64(1), np.int64(3), np.int64(1), np.int64(1), np.int64(3), np.int64(3), np.int64(2), np.int64(0), np.int64(3), np.int64(0), np.int64(2), np.int64(1), np.int64(1), np.int64(3), np.int64(0), np.int64(3), np.int64(0), np.int64(1), np.int64(2), np.int64(3), np.int64(2), np.int64(2), np.int64(1), np.int64(1), np.int64(1), np.int64(1), np.int64(0), np.int64(2), np.int64(3), np.int64(0), np.int64(3), np.int64(1), np.int64(3), np.int64(0), np.int64(0), np.int64(3), np.int64(3), np.int64(0), np.int64(2), np.int64(1), np.int64(1), np.int64(2), np.int64(2), np.int64(2), np.int64(3), np.int64(2), np.int64(1), np.int64(2), np.int64(1), np.int64(2), np.int64(1), np.int64(0), np.int64(0), np.int64(3), np.int64(2), np.int64(2), np.int64(1), np.int64(1), np.int64(0), np.int64(1), np.int64(2), np.int64(1), np.int64(0), np.int64(3), np.int64(3), np.int64(0), np.int64(0), np.int64(1), np.int64(3), np.int64(3), np.int64(0), np.int64(2), np.int64(2), np.int64(0), np.int64(1), np.int64(2), np.int64(0), np.int64(1), np.int64(0), np.int64(3), np.int64(0), np.int64(1), np.int64(1), np.int64(1), np.int64(1), np.int64(2), np.int64(3), np.int64(3), np.int64(0), np.int64(1), np.int64(1), np.int64(0), np.int64(0), np.int64(1), np.int64(3), np.int64(2), np.int64(3), np.int64(1), np.int64(3), np.int64(2), np.int64(2), np.int64(1), np.int64(3), np.int64(1), np.int64(3), np.int64(2), np.int64(3), np.int64(1), np.int64(0), np.int64(1), np.int64(1), np.int64(1), np.int64(1), np.int64(0), np.int64(2), np.int64(0), np.int64(0), np.int64(1), np.int64(1), np.int64(3), np.int64(1), np.int64(0), np.int64(1), np.int64(1), np.int64(0), np.int64(3), np.int64(2), np.int64(0), np.int64(1), np.int64(3), np.int64(2), np.int64(1), np.int64(0), np.int64(2), np.int64(1), np.int64(0), np.int64(1), np.int64(1), np.int64(0), np.int64(2), np.int64(2), np.int64(3), np.int64(2), np.int64(0), np.int64(0), np.int64(0), np.int64(3), np.int64(1), np.int64(3), np.int64(0), np.int64(2), np.int64(1), np.int64(1), np.int64(3), np.int64(3), np.int64(2), np.int64(3), np.int64(2), np.int64(2), np.int64(1), np.int64(2), np.int64(2), np.int64(0), np.int64(1), np.int64(1), np.int64(2), np.int64(2), np.int64(0), np.int64(3), np.int64(1), np.int64(1), np.int64(0), np.int64(2), np.int64(1), np.int64(0), np.int64(2), np.int64(1), np.int64(0), np.int64(3), np.int64(3), np.int64(0), np.int64(2), np.int64(3), np.int64(1), np.int64(0), np.int64(2), np.int64(0), np.int64(2), np.int64(0), np.int64(1), np.int64(1), np.int64(2), np.int64(0), np.int64(3), np.int64(2), np.int64(2), np.int64(2), np.int64(0), np.int64(3), np.int64(2), np.int64(3), np.int64(3), np.int64(0), np.int64(2), np.int64(2), np.int64(3), np.int64(1), np.int64(1), np.int64(2), np.int64(1)]",10,1000,4
9,1000,573.0,5045,2.6271477499976754,"[np.int64(0), np.int64(2), np.int64(1), np.int64(1), np.int64(1), np.int64(3), np.int64(0), np.int64(3), np.int64(0), np.int64(2), np.int64(3), np.int64(3), np.int64(1), np.int64(0), np.int64(1), np.int64(3), np.int64(1), np.int64(2), np.int64(3), np.int64(2), np.int64(2), np.int64(1), np.int64(1), np.int64(3), np.int64(3), np.int64(1), np.int64(1), np.int64(0), np.int64(0), np.int64(0), np.int64(1), np.int64(2), np.int64(0), np.int64(1), np.int64(1), np.int64(2), np.int64(3), np.int64(2), np.int64(0), np.int64(0), np.int64(0), np.int64(1), np.int64(0), np.int64(0), np.int64(3), np.int64(1), np.int64(0), np.int64(3), np.int64(1), np.int64(0), np.int64(2), np.int64(2), np.int64(0), np.int64(1), np.int64(3), np.int64(2), np.int64(1), np.int64(2), np.int64(0), np.int64(0), np.int64(2), np.int64(2), np.int64(1), np.int64(2), np.int64(0), np.int64(2), np.int64(1), np.int64(3), np.int64(0), np.int64(0), np.int64(1), np.int64(3), np.int64(0), np.int64(0), np.int64(1), np.int64(0), np.int64(3), np.int64(0), np.int64(1), np.int64(2), np.int64(1), np.int64(0), np.int64(1), np.int64(2), np.int64(0), np.int64(2), np.int64(3), np.int64(1), np.int64(3), np.int64(2), np.int64(1), np.int64(3), np.int64(1), np.int64(1), np.int64(3), np.int64(3), np.int64(2), np.int64(0), np.int64(2), np.int64(0), np.int64(0), np.int64(0), np.int64(3), np.int64(1), np.int64(2), np.int64(3), np.int64(3), np.int64(3), np.int64(1), np.int64(3), np.int64(2), np.int64(2), np.int64(1), np.int64(1), np.int64(1), np.int64(1), np.int64(0), np.int64(2), np.int64(3), np.int64(0), np.int64(3), np.int64(2), np.int64(3), np.int64(0), np.int64(0), np.int64(3), np.int64(3), np.int64(0), np.int64(2), np.int64(1), np.int64(2), np.int64(2), np.int64(3), np.int64(1), np.int64(3), np.int64(2), np.int64(1), np.int64(2), np.int64(1), np.int64(2), np.int64(1), np.int64(3), np.int64(0), np.int64(3), np.int64(2), np.int64(0), np.int64(1), np.int64(3), np.int64(0), np.int64(3), np.int64(2), np.int64(1), np.int64(0), np.int64(3), np.int64(3), np.int64(1), np.int64(0), np.int64(0), np.int64(3), np.int64(3), np.int64(0), np.int64(2), np.int64(3), np.int64(0), np.int64(1), np.int64(2), np.int64(3), np.int64(0), np.int64(0), np.int64(0), np.int64(0), np.int64(1), np.int64(3), np.int64(2), np.int64(3), np.int64(3), np.int64(3), np.int64(3), np.int64(0), np.int64(1), np.int64(1), np.int64(0), np.int64(0), np.int64(1), np.int64(3), np.int64(2), np.int64(3), np.int64(1), np.int64(3), np.int64(3), np.int64(2), np.int64(1), np.int64(3), np.int64(0), np.int64(3), np.int64(2), np.int64(2), np.int64(1), np.int64(0), np.int64(2), np.int64(1), np.int64(1), np.int64(1), np.int64(0), np.int64(2), np.int64(0), np.int64(2), np.int64(1), np.int64(1), np.int64(3), np.int64(1), np.int64(0), np.int64(1), np.int64(0), np.int64(1), np.int64(3), np.int64(2), np.int64(0), np.int64(1), np.int64(1), np.int64(2), np.int64(2), np.int64(0), np.int64(2), np.int64(1), np.int64(0), np.int64(1), np.int64(2), np.int64(0), np.int64(2), np.int64(2), np.int64(3), np.int64(0), np.int64(0), np.int64(0), np.int64(2), np.int64(3), np.int64(1), np.int64(3), np.int64(0), np.int64(2), np.int64(1), np.int64(1), np.int64(3), np.int64(1), np.int64(1), np.int64(3), np.int64(2), np.int64(2), np.int64(1), np.int64(2), np.int64(0), np.int64(0), np.int64(3), np.int64(0), np.int64(3), np.int64(2), np.int64(0), np.int64(2), np.int64(1), np.int64(1), np.int64(0), np.int64(2), np.int64(3), np.int64(0), np.int64(2), np.int64(0), np.int64(0), np.int64(2), np.int64(3), np.int64(3), np.int64(2), np.int64(3), np.int64(3), np.int64(0), np.int64(1), np.int64(0), np.int64(2), np.int64(3), np.int64(1), np.int64(1), np.int64(2), np.int64(2), np.int64(3), np.int64(0), np.int64(2), np.int64(2), np.int64(0), np.int64(3), np.int64(1), np.int64(2), np.int64(0), np.int64(0), np.int64(2), np.int64(3), np.int64(2), np.int64(1), np.int64(1), np.int64(2), np.int64(1)]",10,1000,4
10,0,454.0,5045,2.6437954159919173,"[np.int64(1), np.int64(0), np.int64(2), np.int64(2), np.int64(2), np.int64(1), np.int64(2), np.int64(3), np.int64(3), np.int64(2), np.int64(2), np.int64(2), np.int64(2), np.int64(3), np.int64(0), np.int64(0), np.int64(2), np.int64(0), np.int64(2), np.int64(2), np.int64(1), np.int64(0), np.int64(0), np.int64(1), np.int64(3), np.int64(1), np.int64(2), np.int64(2), np.int64(2), np.int64(3), np.int64(2), np.int64(2), np.int64(1), np.int64(2), np.int64(1), np.int64(1), np.int64(3), np.int64(1), np.int64(2), np.int64(1), np.int64(0), np.int64(3), np.int64(2), np.int64(1), np.int64(0), np.int64(2), np.int64(1), np.int64(0), np.int64(2), np.int64(2), np.int64(3), np.int64(0), np.int64(0), np.int64(0), np.int64(2), np.int64(2), np.int64(2), np.int64(1), np.int64(2), np.int64(0), np.int64(3), np.int64(2), np.int64(1), np.int64(3), np.int64(0), np.int64(3), np.int64(3), np.int64(3), np.int64(0), np.int64(1), np.int64(1), np.int64(1), np.int64(2), np.int64(1), np.int64(3), np.int64(1), np.int64(2), np.int64(1), np.int64(3), np.int64(2), np.int64(0), np.int64(0), np.int64(0), np.int64(3), np.int64(2), np.int64(0), np.int64(2), np.int64(3), np.int64(1), np.int64(2), np.int64(1), np.int64(0), np.int64(1), np.int64(1), np.int64(1), np.int64(3), np.int64(3), np.int64(2), np.int64(2), np.int64(0), np.int64(1), np.int64(3), np.int64(2), np.int64(0), np.int64(2), np.int64(3), np.int64(2), np.int64(3), np.int64(3), np.int64(0), np.int64(0), np.int64(2), np.int64(1), np.int64(3), np.int64(3), np.int64(0), np.int64(0), np.int64(3), np.int64(0), np.int64(3), np.int64(0), np.int64(2), np.int64(2), np.int64(2), np.int64(0), np.int64(3), np.int64(3), np.int64(2), np.int64(1), np.int64(1), np.int64(2), np.int64(2), np.int64(3), np.int64(2), np.int64(0), np.int64(3), np.int64(1), np.int64(3), np.int64(0), np.int64(0), np.int64(1), np.int64(3), np.int64(2), np.int64(1), np.int64(2), np.int64(1), np.int64(2), np.int64(2), np.int64(3), np.int64(0), np.int64(2), np.int64(2), np.int64(3), np.int64(3), np.int64(3), np.int64(3), np.int64(3), np.int64(3), np.int64(1), np.int64(3), np.int64(2), np.int64(3), np.int64(2), np.int64(3), np.int64(2), np.int64(2), np.int64(3), np.int64(2), np.int64(2), np.int64(3), np.int64(0), np.int64(0), np.int64(1), np.int64(0), np.int64(1), np.int64(1), np.int64(3), np.int64(2), np.int64(1), np.int64(3), np.int64(2), np.int64(3), np.int64(1), np.int64(3), np.int64(0), np.int64(2), np.int64(0), np.int64(3), np.int64(2), np.int64(3), np.int64(2), np.int64(3), np.int64(3), np.int64(2), np.int64(0), np.int64(0), np.int64(3), np.int64(2), np.int64(1), np.int64(1), np.int64(3), np.int64(3), np.int64(1), np.int64(2), np.int64(2), np.int64(2), np.int64(2), np.int64(3), np.int64(0), np.int64(0), np.int64(0), np.int64(2), np.int64(1), np.int64(0), np.int64(2), np.int64(2), np.int64(2), np.int64(0), np.int64(2), np.int64(0), np.int64(1), np.int64(2), np.int64(0), np.int64(1), np.int64(3), np.int64(2), np.int64(3), np.int64(0), np.int64(2), np.int64(3), np.int64(2), np.int64(2), np.int64(1), np.int64(3), np.int64(3), np.int64(2), np.int64(1), np.int64(0), np.int64(2), np.int64(1), np.int64(0), np.int64(3), np.int64(0), np.int64(1), np.int64(3), np.int64(0), np.int64(3), np.int64(3), np.int64(3), np.int64(2), np.int64(2), np.int64(3), np.int64(3), np.int64(0), np.int64(0), np.int64(2), np.int64(0), np.int64(1), np.int64(0), np.int64(0), np.int64(0), np.int64(2), np.int64(2), np.int64(0), np.int64(3), np.int64(2), np.int64(0), np.int64(2), np.int64(2), np.int64(1), np.int64(1), np.int64(0), np.int64(0), np.int64(0), np.int64(3), np.int64(0), np.int64(2), np.int64(2), np.int64(2), np.int64(0), np.int64(3), np.int64(1), np.int64(1), np.int64(0), np.int64(1), np.int64(1), np.int64(1), np.int64(0), np.int64(3), np.int64(2), np.int64(1), np.int64(3), np.int64(2), np.int64(0), np.int64(3), np.int64(3), np.int64(0), np.int64(2), np.int64(0), np.int64(0)]",10,1000,5
11,1000,574.0,6138,3.7044313329970464,"[np.int64(1), np.int64(1), np.int64(3), np.int64(1), np.int64(3), np.int64(1), np.int64(0), np.int64(3), np.int64(3), np.int64(3), np.int64(1), np.int64(2), np.int64(1), np.int64(0), np.int64(0), np.int64(0), np.int64(0), np.int64(0), np.int64(2), np.int64(0), np.int64(1), np.int64(0), np.int64(0), np.int64(1), np.int64(3), np.int64(2), np.int64(2), np.int64(1), np.int64(2), np.int64(3), np.int64(3), np.int64(1), np.int64(3), np.int64(2), np.int64(1), np.int64(1), np.int64(3), np.int64(3), np.int64(2), np.int64(1), np.int64(0), np.int64(3), np.int64(2), np.int64(1), np.int64(0), np.int64(2), np.int64(1), np.int64(0), np.int64(2), np.int64(2), np.int64(3), np.int64(2), np.int64(0), np.int64(0), np.int64(1), np.int64(0), np.int64(2), np.int64(1), np.int64(2), np.int64(0), np.int64(3), np.int64(2), np.int64(1), np.int64(3), np.int64(2), np.int64(3), np.int64(1), np.int64(2), np.int64(0), np.int64(1), np.int64(1), np.int64(1), np.int64(2), np.int64(1), np.int64(2), np.int64(1), np.int64(2), np.int64(1), np.int64(3), np.int64(2), np.int64(0), np.int64(0), np.int64(3), np.int64(3), np.int64(2), np.int64(0), np.int64(2), np.int64(2), np.int64(3), np.int64(3), np.int64(1), np.int64(0), np.int64(0), np.int64(1), np.int64(1), np.int64(2), np.int64(3), np.int64(2), np.int64(2), np.int64(0), np.int64(1), np.int64(3), np.int64(2), np.int64(0), np.int64(2), np.int64(3), np.int64(0), np.int64(3), np.int64(0), np.int64(0), np.int64(0), np.int64(2), np.int64(1), np.int64(3), np.int64(0), np.int64(1), np.int64(0), np.int64(1), np.int64(0), np.int64(1), np.int64(3), np.int64(2), np.int64(2), np.int64(0), np.int64(2), np.int64(2), np.int64(0), np.int64(1), np.int64(1), np.int64(1), np.int64(2), np.int64(2), np.int64(3), np.int64(2), np.int64(0), np.int64(3), np.int64(1), np.int64(3), np.int64(0), np.int64(0), np.int64(0), np.int64(3), np.int64(2), np.int64(1), np.int64(2), np.int64(1), np.int64(3), np.int64(1), np.int64(2), np.int64(2), np.int64(0), np.int64(2), np.int64(3), np.int64(3), np.int64(3), np.int64(3), np.int64(3), np.int64(3), np.int64(1), np.int64(3), np.int64(2), np.int64(3), np.int64(2), np.int64(3), np.int64(2), np.int64(1), np.int64(3), np.int64(2), np.int64(3), np.int64(3), np.int64(0), np.int64(3), np.int64(1), np.int64(0), np.int64(1), np.int64(0), np.int64(3), np.int64(3), np.int64(1), np.int64(3), np.int64(2), np.int64(3), np.int64(1), np.int64(3), np.int64(1), np.int64(2), np.int64(0), np.int64(3), np.int64(1), np.int64(3), np.int64(1), np.int64(0), np.int64(3), np.int64(2), np.int64(0), np.int64(0), np.int64(3), np.int64(2), np.int64(1), np.int64(1), np.int64(2), np.int64(3), np.int64(0), np.int64(2), np.int64(1), np.int64(3), np.int64(2), np.int64(0), np.int64(0), np.int64(0), np.int64(0), np.int64(2), np.int64(2), np.int64(0), np.int64(2), np.int64(1), np.int64(2), np.int64(0), np.int64(2), np.int64(0), np.int64(1), np.int64(1), np.int64(0), np.int64(1), np.int64(3), np.int64(2), np.int64(1), np.int64(0), np.int64(2), np.int64(2), np.int64(1), np.int64(1), np.int64(1), np.int64(3), np.int64(3), np.int64(2), np.int64(1), np.int64(0), np.int64(1), np.int64(3), np.int64(0), np.int64(3), np.int64(0), np.int64(1), np.int64(3), np.int64(0), np.int64(3), np.int64(3), np.int64(2), np.int64(2), np.int64(2), np.int64(3), np.int64(3), np.int64(0), np.int64(0), np.int64(3), np.int64(1), np.int64(1), np.int64(1), np.int64(0), np.int64(0), np.int64(1), np.int64(1), np.int64(3), np.int64(3), np.int64(1), np.int64(0), np.int64(0), np.int64(2), np.int64(1), np.int64(1), np.int64(0), np.int64(3), np.int64(0), np.int64(3), np.int64(2), np.int64(1), np.int64(2), np.int64(2), np.int64(0), np.int64(3), np.int64(1), np.int64(1), np.int64(0), np.int64(1), np.int64(1), np.int64(1), np.int64(0), np.int64(3), np.int64(2), np.int64(1), np.int64(3), np.int64(2), np.int64(1), np.int64(3), np.int64(3), np.int64(1), np.int64(1), np.int64(1), np.int64(1)]",10,1000,5
12,0,449.0,6138,3.725085999991279,"[np.int64(3), np.int64(2), np.int64(1), np.int64(0), np.int64(0), np.int64(2), np.int64(2), np.int64(2), np.int64(0), np.int64(2), np.int64(3), np.int64(3), np.int64(2), np.int64(2), np.int64(2), np.int64(2), np.int64(0), np.int64(0), np.int64(1), np.int64(3), np.int64(1), np.int64(1), np.int64(0), np.int64(3), np.int64(3), np.int64(3), np.int64(3), np.int64(2), np.int64(2), np.int64(3), np.int64(2), np.int64(1), np.int64(3), np.int64(0), np.int64(3), np.int64(3), np.int64(1), np.int64(1), np.int64(1), np.int64(2), np.int64(2), np.int64(2), np.int64(1), np.int64(3), np.int64(3), np.int64(1), np.int64(0), np.int64(2), np.int64(1), np.int64(3), np.int64(3), np.int64(0), np.int64(1), np.int64(1), np.int64(1), np.int64(0), np.int64(0), np.int64(0), np.int64(2), np.int64(0), np.int64(2), np.int64(1), np.int64(2), np.int64(0), np.int64(2), np.int64(0), np.int64(1), np.int64(0), np.int64(0), np.int64(2), np.int64(0), np.int64(0), np.int64(3), np.int64(2), np.int64(2), np.int64(0), np.int64(0), np.int64(2), np.int64(3), np.int64(3), np.int64(3), np.int64(1), np.int64(3), np.int64(3), np.int64(2), np.int64(2), np.int64(0), np.int64(2), np.int64(2), np.int64(1), np.int64(3), np.int64(0), np.int64(0), np.int64(1), np.int64(2), np.int64(3), np.int64(3), np.int64(3), np.int64(1), np.int64(2), np.int64(2), np.int64(1), np.int64(0), np.int64(0), np.int64(2), np.int64(3), np.int64(3), np.int64(3), np.int64(0), np.int64(1), np.int64(1), np.int64(3), np.int64(1), np.int64(3), np.int64(1), np.int64(1), np.int64(0), np.int64(2), np.int64(1), np.int64(2), np.int64(2), np.int64(3), np.int64(1), np.int64(3), np.int64(2), np.int64(3), np.int64(0), np.int64(3), np.int64(3), np.int64(2), np.int64(2), np.int64(3), np.int64(1), np.int64(3), np.int64(0), np.int64(3), np.int64(1), np.int64(3), np.int64(3), np.int64(1), np.int64(0), np.int64(1), np.int64(2), np.int64(0), np.int64(0), np.int64(1), np.int64(0), np.int64(3), np.int64(3), np.int64(1), np.int64(2), np.int64(1), np.int64(3), np.int64(1), np.int64(3), np.int64(0), np.int64(0), np.int64(1), np.int64(3), np.int64(2), np.int64(1), np.int64(2), np.int64(1), np.int64(0), np.int64(2), np.int64(1), np.int64(3), np.int64(2), np.int64(2), np.int64(1), np.int64(3), np.int64(3), np.int64(3), np.int64(2), np.int64(1), np.int64(1), np.int64(2), np.int64(3), np.int64(1), np.int64(0), np.int64(3), np.int64(3), np.int64(3), np.int64(2), np.int64(0), np.int64(0), np.int64(3), np.int64(0), np.int64(0), np.int64(0), np.int64(3), np.int64(3), np.int64(0), np.int64(3), np.int64(1), np.int64(3), np.int64(1), np.int64(2), np.int64(3), np.int64(0), np.int64(3), np.int64(1), np.int64(0), np.int64(2), np.int64(1), np.int64(1), np.int64(1), np.int64(0), np.int64(0), np.int64(3), np.int64(3), np.int64(1), np.int64(0), np.int64(3), np.int64(3), np.int64(3), np.int64(2), np.int64(1), np.int64(1), np.int64(0), np.int64(0), np.int64(2), np.int64(1), np.int64(2), np.int64(3), np.int64(2), np.int64(1), np.int64(2), np.int64(3), np.int64(1), np.int64(0), np.int64(1), np.int64(3), np.int64(0), np.int64(3), np.int64(0), np.int64(0), np.int64(2), np.int64(2), np.int64(0), np.int64(3), np.int64(3), np.int64(3), np.int64(2), np.int64(2), np.int64(1), np.int64(1), np.int64(0), np.int64(1), np.int64(3), np.int64(0), np.int64(2), np.int64(2), np.int64(0), np.int64(2), np.int64(3), np.int64(1), np.int64(3), np.int64(1), np.int64(0), np.int64(3), np.int64(3), np.int64(1), np.int64(1), np.int64(2), np.int64(3), np.int64(3), np.int64(3), np.int64(3), np.int64(0), np.int64(0), np.int64(2), np.int64(0), np.int64(2), np.int64(3), np.int64(0), np.int64(0), np.int64(0), np.int64(3), np.int64(3), np.int64(2), np.int64(2), np.int64(2), np.int64(1), np.int64(0), np.int64(3), np.int64(1), np.int64(1), np.int64(0), np.int64(2), np.int64(3), np.int64(3), np.int64(0), np.int64(1), np.int64(2), np.int64(3), np.int64(3), np.int64(0), np.int64(0), np.int64(3)]",10,1000,6
13,1000,569.0,7146,4.822149707993958,"[np.int64(0), np.int64(2), np.int64(2), np.int64(0), np.int64(0), np.int64(2), np.int64(2), np.int64(2), np.int64(0), np.int64(2), np.int64(3), np.int64(1), np.int64(1), np.int64(2), np.int64(0), np.int64(2), np.int64(0), np.int64(0), np.int64(1), np.int64(3), np.int64(1), np.int64(1), np.int64(0), np.int64(3), np.int64(3), np.int64(3), np.int64(2), np.int64(2), np.int64(2), np.int64(3), np.int64(0), np.int64(1), np.int64(2), np.int64(0), np.int64(3), np.int64(1), np.int64(2), np.int64(1), np.int64(1), np.int64(0), np.int64(0), np.int64(1), np.int64(1), np.int64(2), np.int64(0), np.int64(1), np.int64(0), np.int64(2), np.int64(3), np.int64(3), np.int64(3), np.int64(0), np.int64(1), np.int64(2), np.int64(1), np.int64(0), np.int64(0), np.int64(2), np.int64(1), np.int64(0), np.int64(2), np.int64(1), np.int64(2), np.int64(0), np.int64(2), np.int64(0), np.int64(1), np.int64(2), np.int64(0), np.int64(2), np.int64(0), np.int64(0), np.int64(2), np.int64(2), np.int64(2), np.int64(2), np.int64(0), np.int64(2), np.int64(3), np.int64(3), np.int64(0), np.int64(0), np.int64(3), np.int64(3), np.int64(0), np.int64(2), np.int64(2), np.int64(1), np.int64(2), np.int64(1), np.int64(2), np.int64(0), np.int64(3), np.int64(1), np.int64(2), np.int64(3), np.int64(3), np.int64(0), np.int64(0), np.int64(2), np.int64(2), np.int64(1), np.int64(2), np.int64(0), np.int64(2), np.int64(3), np.int64(1), np.int64(3), np.int64(0), np.int64(1), np.int64(1), np.int64(3), np.int64(1), np.int64(1), np.int64(1), np.int64(1), np.int64(0), np.int64(2), np.int64(1), np.int64(0), np.int64(1), np.int64(3), np.int64(0), np.int64(3), np.int64(1), np.int64(0), np.int64(0), np.int64(3), np.int64(3), np.int64(2), np.int64(2), np.int64(3), np.int64(3), np.int64(3), np.int64(0), np.int64(3), np.int64(1), np.int64(3), np.int64(3), np.int64(1), np.int64(0), np.int64(1), np.int64(2), np.int64(0), np.int64(0), np.int64(1), np.int64(0), np.int64(3), np.int64(3), np.int64(1), np.int64(2), np.int64(1), np.int64(2), np.int64(1), np.int64(3), np.int64(3), np.int64(2), np.int64(0), np.int64(3), np.int64(2), np.int64(1), np.int64(2), np.int64(1), np.int64(0), np.int64(2), np.int64(1), np.int64(0), np.int64(2), np.int64(3), np.int64(2), np.int64(3), np.int64(3), np.int64(3), np.int64(2), np.int64(1), np.int64(1), np.int64(2), np.int64(1), np.int64(1), np.int64(0), np.int64(1), np.int64(3), np.int64(0), np.int64(2), np.int64(0), np.int64(0), np.int64(3), np.int64(3), np.int64(2), np.int64(3), np.int64(3), np.int64(1), np.int64(2), np.int64(3), np.int64(3), np.int64(3), np.int64(1), np.int64(1), np.int64(0), np.int64(1), np.int64(3), np.int64(1), np.int64(0), np.int64(3), np.int64(0), np.int64(1), np.int64(1), np.int64(1), np.int64(0), np.int64(3), np.int64(1), np.int64(1), np.int64(0), np.int64(3), np.int64(1), np.int64(3), np.int64(2), np.int64(1), np.int64(3), np.int64(0), np.int64(0), np.int64(0), np.int64(3), np.int64(2), np.int64(3), np.int64(2), np.int64(1), np.int64(1), np.int64(3), np.int64(1), np.int64(0), np.int64(1), np.int64(2), np.int64(0), np.int64(0), np.int64(3), np.int64(0), np.int64(2), np.int64(2), np.int64(0), np.int64(3), np.int64(3), np.int64(3), np.int64(2), np.int64(2), np.int64(1), np.int64(1), np.int64(3), np.int64(3), np.int64(3), np.int64(1), np.int64(2), np.int64(2), np.int64(0), np.int64(1), np.int64(2), np.int64(1), np.int64(3), np.int64(0), np.int64(1), np.int64(3), np.int64(3), np.int64(1), np.int64(1), np.int64(2), np.int64(3), np.int64(2), np.int64(3), np.int64(3), np.int64(0), np.int64(0), np.int64(2), np.int64(0), np.int64(2), np.int64(2), np.int64(1), np.int64(0), np.int64(0), np.int64(2), np.int64(3), np.int64(2), np.int64(2), np.int64(2), np.int64(1), np.int64(0), np.int64(3), np.int64(1), np.int64(1), np.int64(0), np.int64(2), np.int64(3), np.int64(3), np.int64(2), np.int64(3), np.int64(0), np.int64(2), np.int64(2), np.int64(0), np.int64(0), np.int64(0)]",10,1000,6
14,0,434.0,7146,4.845003374968655,"[np.int64(2), np.int64(3), np.int64(3), np.int64(0), np.int64(1), np.int64(0), np.int64(2), np.int64(1), np.int64(3), np.int64(3), np.int64(2), np.int64(3), np.int64(1), np.int64(0), np.int64(0), np.int64(1), np.int64(2), np.int64(1), np.int64(3), np.int64(1), np.int64(2), np.int64(3), np.int64(1), np.int64(2), np.int64(0), np.int64(0), np.int64(1), np.int64(3), np.int64(0), np.int64(2), np.int64(0), np.int64(2), np.int64(2), np.int64(1), np.int64(2), np.int64(2), np.int64(3), np.int64(0), np.int64(1), np.int64(1), np.int64(1), np.int64(0), np.int64(2), np.int64(1), np.int64(1), np.int64(2), np.int64(2), np.int64(0), np.int64(0), np.int64(3), np.int64(2), np.int64(2), np.int64(2), np.int64(0), np.int64(0), np.int64(0), np.int64(2), np.int64(3), np.int64(2), np.int64(2), np.int64(3), np.int64(3), np.int64(2), np.int64(2), np.int64(1), np.int64(0), np.int64(2), np.int64(3), np.int64(2), np.int64(0), np.int64(3), np.int64(1), np.int64(1), np.int64(1), np.int64(1), np.int64(0), np.int64(1), np.int64(3), np.int64(3), np.int64(3), np.int64(3), np.int64(0), np.int64(2), np.int64(1), np.int64(1), np.int64(3), np.int64(3), np.int64(1), np.int64(0), np.int64(1), np.int64(0), np.int64(2), np.int64(2), np.int64(2), np.int64(2), np.int64(3), np.int64(3), np.int64(0), np.int64(0), np.int64(0), np.int64(0), np.int64(3), np.int64(3), np.int64(2), np.int64(2), np.int64(1), np.int64(3), np.int64(0), np.int64(0), np.int64(3), np.int64(1), np.int64(1), np.int64(1), np.int64(2), np.int64(2), np.int64(2), np.int64(3), np.int64(2), np.int64(1), np.int64(1), np.int64(2), np.int64(2), np.int64(0), np.int64(0), np.int64(3), np.int64(2), np.int64(3), np.int64(0), np.int64(1), np.int64(3), np.int64(1), np.int64(3), np.int64(2), np.int64(2), np.int64(1), np.int64(3), np.int64(2), np.int64(2), np.int64(1), np.int64(1), np.int64(0), np.int64(0), np.int64(0), np.int64(2), np.int64(3), np.int64(0), np.int64(0), np.int64(1), np.int64(2), np.int64(2), np.int64(2), np.int64(0), np.int64(2), np.int64(3), np.int64(1), np.int64(2), np.int64(0), np.int64(2), np.int64(2), np.int64(2), np.int64(3), np.int64(0), np.int64(2), np.int64(1), np.int64(1), np.int64(3), np.int64(0), np.int64(0), np.int64(3), np.int64(2), np.int64(0), np.int64(0), np.int64(0), np.int64(1), np.int64(3), np.int64(1), np.int64(3), np.int64(2), np.int64(0), np.int64(2), np.int64(2), np.int64(0), np.int64(1), np.int64(3), np.int64(3), np.int64(0), np.int64(0), np.int64(3), np.int64(1), np.int64(0), np.int64(2), np.int64(3), np.int64(1), np.int64(3), np.int64(3), np.int64(1), np.int64(1), np.int64(2), np.int64(3), np.int64(3), np.int64(3), np.int64(0), np.int64(1), np.int64(2), np.int64(0), np.int64(1), np.int64(2), np.int64(3), np.int64(2), np.int64(2), np.int64(1), np.int64(1), np.int64(2), np.int64(1), np.int64(3), np.int64(1), np.int64(0), np.int64(0), np.int64(1), np.int64(0), np.int64(0), np.int64(2), np.int64(0), np.int64(1), np.int64(3), np.int64(3), np.int64(0), np.int64(0), np.int64(2), np.int64(1), np.int64(2), np.int64(3), np.int64(3), np.int64(0), np.int64(2), np.int64(3), np.int64(1), np.int64(0), np.int64(1), np.int64(3), np.int64(3), np.int64(2), np.int64(3), np.int64(0), np.int64(2), np.int64(2), np.int64(1), np.int64(3), np.int64(3), np.int64(2), np.int64(1), np.int64(2), np.int64(1), np.int64(0), np.int64(0), np.int64(3), np.int64(3), np.int64(0), np.int64(1), np.int64(0), np.int64(1), np.int64(3), np.int64(3), np.int64(3), np.int64(2), np.int64(2), np.int64(0), np.int64(1), np.int64(3), np.int64(0), np.int64(2), np.int64(3), np.int64(0), np.int64(2), np.int64(1), np.int64(0), np.int64(0), np.int64(1), np.int64(1), np.int64(1), np.int64(2), np.int64(0), np.int64(0), np.int64(3), np.int64(1), np.int64(3), np.int64(3), np.int64(3), np.int64(1), np.int64(2), np.int64(0), np.int64(1), np.int64(1), np.int64(1), np.int64(2), np.int64(0), np.int64(3), np.int64(0), np.int64(0), np.int64(0)]",10,1000,7
15,1000,557.0,7928,5.829005207982846,"[np.int64(2), np.int64(3), np.int64(3), np.int64(0), np.int64(1), np.int64(0), np.int64(2), np.int64(3), np.int64(0), np.int64(3), np.int64(0), np.int64(3), np.int64(0), np.int64(0), np.int64(0), np.int64(1), np.int64(2), np.int64(1), np.int64(2), np.int64(0), np.int64(2), np.int64(3), np.int64(0), np.int64(2), np.int64(0), np.int64(2), np.int64(1), np.int64(1), np.int64(0), np.int64(2), np.int64(2), np.int64(1), np.int64(2), np.int64(1), np.int64(2), np.int64(2), np.int64(3), np.int64(0), np.int64(2), np.int64(1), np.int64(1), np.int64(0), np.int64(3), np.int64(1), np.int64(1), np.int64(2), np.int64(3), np.int64(0), np.int64(3), np.int64(3), np.int64(2), np.int64(2), np.int64(2), np.int64(0), np.int64(0), np.int64(0), np.int64(2), np.int64(3), np.int64(2), np.int64(1), np.int64(0), np.int64(3), np.int64(2), np.int64(1), np.int64(1), np.int64(3), np.int64(1), np.int64(3), np.int64(1), np.int64(0), np.int64(3), np.int64(1), np.int64(3), np.int64(2), np.int64(1), np.int64(0), np.int64(1), np.int64(3), np.int64(3), np.int64(3), np.int64(3), np.int64(0), np.int64(2), np.int64(1), np.int64(1), np.int64(3), np.int64(2), np.int64(3), np.int64(0), np.int64(1), np.int64(1), np.int64(2), np.int64(2), np.int64(2), np.int64(2), np.int64(3), np.int64(3), np.int64(0), np.int64(0), np.int64(0), np.int64(0), np.int64(3), np.int64(3), np.int64(2), np.int64(2), np.int64(1), np.int64(1), np.int64(0), np.int64(0), np.int64(0), np.int64(1), np.int64(3), np.int64(0), np.int64(2), np.int64(2), np.int64(2), np.int64(2), np.int64(0), np.int64(1), np.int64(1), np.int64(2), np.int64(3), np.int64(0), np.int64(3), np.int64(3), np.int64(1), np.int64(2), np.int64(2), np.int64(2), np.int64(3), np.int64(1), np.int64(3), np.int64(0), np.int64(2), np.int64(0), np.int64(2), np.int64(2), np.int64(2), np.int64(3), np.int64(2), np.int64(0), np.int64(1), np.int64(0), np.int64(3), np.int64(3), np.int64(0), np.int64(0), np.int64(1), np.int64(2), np.int64(2), np.int64(2), np.int64(0), np.int64(0), np.int64(3), np.int64(1), np.int64(2), np.int64(0), np.int64(2), np.int64(2), np.int64(0), np.int64(1), np.int64(0), np.int64(2), np.int64(1), np.int64(1), np.int64(3), np.int64(0), np.int64(2), np.int64(3), np.int64(2), np.int64(1), np.int64(0), np.int64(1), np.int64(1), np.int64(3), np.int64(1), np.int64(3), np.int64(1), np.int64(0), np.int64(2), np.int64(2), np.int64(0), np.int64(1), np.int64(1), np.int64(3), np.int64(3), np.int64(0), np.int64(3), np.int64(2), np.int64(0), np.int64(0), np.int64(3), np.int64(1), np.int64(3), np.int64(1), np.int64(3), np.int64(0), np.int64(1), np.int64(3), np.int64(3), np.int64(3), np.int64(3), np.int64(1), np.int64(1), np.int64(0), np.int64(0), np.int64(2), np.int64(3), np.int64(2), np.int64(2), np.int64(1), np.int64(1), np.int64(2), np.int64(3), np.int64(0), np.int64(3), np.int64(0), np.int64(0), np.int64(1), np.int64(0), np.int64(0), np.int64(2), np.int64(1), np.int64(1), np.int64(3), np.int64(3), np.int64(3), np.int64(1), np.int64(2), np.int64(1), np.int64(2), np.int64(3), np.int64(3), np.int64(0), np.int64(2), np.int64(3), np.int64(1), np.int64(3), np.int64(3), np.int64(3), np.int64(3), np.int64(2), np.int64(3), np.int64(3), np.int64(2), np.int64(2), np.int64(1), np.int64(3), np.int64(3), np.int64(1), np.int64(3), np.int64(2), np.int64(1), np.int64(0), np.int64(0), np.int64(0), np.int64(1), np.int64(0), np.int64(1), np.int64(0), np.int64(2), np.int64(2), np.int64(3), np.int64(3), np.int64(2), np.int64(0), np.int64(0), np.int64(2), np.int64(3), np.int64(2), np.int64(0), np.int64(3), np.int64(1), np.int64(3), np.int64(3), np.int64(0), np.int64(0), np.int64(1), np.int64(1), np.int64(1), np.int64(1), np.int64(3), np.int64(0), np.int64(3), np.int64(1), np.int64(3), np.int64(3), np.int64(2), np.int64(1), np.int64(0), np.int64(0), np.int64(1), np.int64(1), np.int64(1), np.int64(2), np.int64(0), np.int64(3), np.int64(0), np.int64(1), np.int64(0)]",10,1000,7
16,0,437.0,7928,5.853971333010122,"[np.int64(3), np.int64(2), np.int64(3), np.int64(3), np.int64(1), np.int64(3), np.int64(0), np.int64(0), np.int64(0), np.int64(0), np.int64(2), np.int64(3), np.int64(0), np.int64(0), np.int64(0), np.int64(2), np.int64(1), np.int64(1), np.int64(3), np.int64(0), np.int64(2), np.int64(3), np.int64(3), np.int64(2), np.int64(3), np.int64(3), np.int64(2), np.int64(1), np.int64(1), np.int64(0), np.int64(3), np.int64(1), np.int64(2), np.int64(0), np.int64(2), np.int64(0), np.int64(2), np.int64(1), np.int64(3), np.int64(2), np.int64(0), np.int64(1), np.int64(1), np.int64(1), np.int64(1), np.int64(2), np.int64(3), np.int64(0), np.int64(3), np.int64(0), np.int64(1), np.int64(2), np.int64(1), np.int64(2), np.int64(1), np.int64(2), np.int64(1), np.int64(2), np.int64(1), np.int64(2), np.int64(0), np.int64(2), np.int64(2), np.int64(3), np.int64(2), np.int64(0), np.int64(0), np.int64(1), np.int64(2), np.int64(1), np.int64(1), np.int64(1), np.int64(3), np.int64(2), np.int64(0), np.int64(3), np.int64(3), np.int64(3), np.int64(2), np.int64(0), np.int64(3), np.int64(0), np.int64(0), np.int64(3), np.int64(2), np.int64(3), np.int64(0), np.int64(2), np.int64(2), np.int64(0), np.int64(1), np.int64(2), np.int64(1), np.int64(0), np.int64(3), np.int64(0), np.int64(3), np.int64(1), np.int64(3), np.int64(1), np.int64(3), np.int64(1), np.int64(0), np.int64(1), np.int64(1), np.int64(0), np.int64(0), np.int64(1), np.int64(0), np.int64(0), np.int64(3), np.int64(2), np.int64(2), np.int64(3), np.int64(0), np.int64(3), np.int64(0), np.int64(1), np.int64(3), np.int64(0), np.int64(1), np.int64(3), np.int64(2), np.int64(2), np.int64(2), np.int64(0), np.int64(3), np.int64(1), np.int64(3), np.int64(0), np.int64(3), np.int64(0), np.int64(2), np.int64(2), np.int64(1), np.int64(3), np.int64(0), np.int64(1), np.int64(1), np.int64(2), np.int64(3), np.int64(1), np.int64(3), np.int64(3), np.int64(1), np.int64(3), np.int64(2), np.int64(2), np.int64(1), np.int64(1), np.int64(3), np.int64(3), np.int64(2), np.int64(1), np.int64(0), np.int64(0), np.int64(1), np.int64(1), np.int64(0), np.int64(2), np.int64(3), np.int64(2), np.int64(2), np.int64(0), np.int64(3), np.int64(1), np.int64(3), np.int64(3), np.int64(3), np.int64(3), np.int64(3), np.int64(2), np.int64(3), np.int64(2), np.int64(3), np.int64(2), np.int64(0), np.int64(2), np.int64(1), np.int64(1), np.int64(3), np.int64(3), np.int64(3), np.int64(2), np.int64(1), np.int64(3), np.int64(3), np.int64(3), np.int64(3), np.int64(3), np.int64(3), np.int64(2), np.int64(3), np.int64(2), np.int64(1), np.int64(2), np.int64(1), np.int64(1), np.int64(2), np.int64(0), np.int64(3), np.int64(0), np.int64(2), np.int64(2), np.int64(0), np.int64(1), np.int64(0), np.int64(1), np.int64(3), np.int64(3), np.int64(3), np.int64(3), np.int64(1), np.int64(2), np.int64(2), np.int64(0), np.int64(0), np.int64(0), np.int64(3), np.int64(0), np.int64(3), np.int64(2), np.int64(3), np.int64(3), np.int64(2), np.int64(0), np.int64(1), np.int64(1), np.int64(0), np.int64(2), np.int64(3), np.int64(1), np.int64(0), np.int64(2), np.int64(0), np.int64(0), np.int64(1), np.int64(3), np.int64(3), np.int64(3), np.int64(0), np.int64(0), np.int64(2), np.int64(1), np.int64(2), np.int64(3), np.int64(0), np.int64(0), np.int64(0), np.int64(3), np.int64(1), np.int64(3), np.int64(2), np.int64(3), np.int64(1), np.int64(3), np.int64(0), np.int64(1), np.int64(1), np.int64(2), np.int64(2), np.int64(2), np.int64(0), np.int64(2), np.int64(0), np.int64(3), np.int64(0), np.int64(3), np.int64(2), np.int64(1), np.int64(0), np.int64(3), np.int64(0), np.int64(0), np.int64(1), np.int64(0), np.int64(1), np.int64(1), np.int64(0), np.int64(1), np.int64(1), np.int64(1), np.int64(0), np.int64(1), np.int64(3), np.int64(3), np.int64(2), np.int64(3), np.int64(1), np.int64(1), np.int64(3), np.int64(1), np.int64(1), np.int64(3), np.int64(0), np.int64(0), np.int64(3), np.int64(3), np.int64(1), np.int64(1)]",10,1000,8
17,1000,570.0,9033,7.341984583006706,"[np.int64(3), np.int64(1), np.int64(2), np.int64(3), np.int64(2), np.int64(2), np.int64(0), np.int64(0), np.int64(0), np.int64(0), np.int64(2), np.int64(3), np.int64(0), np.int64(3), np.int64(0), np.int64(2), np.int64(0), np.int64(1), np.int64(3), np.int64(0), np.int64(0), np.int64(0), np.int64(2), np.int64(2), np.int64(3), np.int64(3), np.int64(2), np.int64(0), np.int64(1), np.int64(1), np.int64(1), np.int64(1), np.int64(2), np.int64(0), np.int64(2), np.int64(2), np.int64(2), np.int64(1), np.int64(3), np.int64(2), np.int64(0), np.int64(1), np.int64(3), np.int64(1), np.int64(1), np.int64(2), np.int64(3), np.int64(0), np.int64(2), np.int64(0), np.int64(1), np.int64(3), np.int64(2), np.int64(2), np.int64(1), np.int64(2), np.int64(1), np.int64(2), np.int64(1), np.int64(2), np.int64(1), np.int64(3), np.int64(2), np.int64(1), np.int64(2), np.int64(0), np.int64(1), np.int64(0), np.int64(2), np.int64(1), np.int64(1), np.int64(0), np.int64(3), np.int64(3), np.int64(3), np.int64(3), np.int64(3), np.int64(3), np.int64(2), np.int64(2), np.int64(3), np.int64(0), np.int64(2), np.int64(3), np.int64(2), np.int64(3), np.int64(0), np.int64(2), np.int64(1), np.int64(0), np.int64(1), np.int64(2), np.int64(2), np.int64(3), np.int64(3), np.int64(0), np.int64(3), np.int64(1), np.int64(1), np.int64(1), np.int64(3), np.int64(1), np.int64(0), np.int64(3), np.int64(1), np.int64(2), np.int64(0), np.int64(3), np.int64(0), np.int64(2), np.int64(3), np.int64(1), np.int64(2), np.int64(2), np.int64(0), np.int64(3), np.int64(3), np.int64(1), np.int64(2), np.int64(0), np.int64(1), np.int64(3), np.int64(0), np.int64(2), np.int64(2), np.int64(0), np.int64(3), np.int64(1), np.int64(3), np.int64(0), np.int64(3), np.int64(0), np.int64(2), np.int64(2), np.int64(1), np.int64(0), np.int64(1), np.int64(1), np.int64(2), np.int64(2), np.int64(3), np.int64(1), np.int64(1), np.int64(1), np.int64(3), np.int64(3), np.int64(1), np.int64(2), np.int64(1), np.int64(1), np.int64(3), np.int64(3), np.int64(2), np.int64(1), np.int64(0), np.int64(0), np.int64(1), np.int64(1), np.int64(0), np.int64(0), np.int64(2), np.int64(2), np.int64(0), np.int64(0), np.int64(1), np.int64(1), np.int64(0), np.int64(3), np.int64(3), np.int64(3), np.int64(3), np.int64(1), np.int64(3), np.int64(2), np.int64(3), np.int64(0), np.int64(1), np.int64(1), np.int64(1), np.int64(1), np.int64(3), np.int64(3), np.int64(3), np.int64(2), np.int64(1), np.int64(3), np.int64(3), np.int64(2), np.int64(3), np.int64(2), np.int64(0), np.int64(2), np.int64(3), np.int64(2), np.int64(1), np.int64(0), np.int64(0), np.int64(0), np.int64(2), np.int64(2), np.int64(3), np.int64(0), np.int64(2), np.int64(2), np.int64(0), np.int64(0), np.int64(0), np.int64(0), np.int64(3), np.int64(3), np.int64(0), np.int64(3), np.int64(1), np.int64(2), np.int64(3), np.int64(0), np.int64(0), np.int64(0), np.int64(3), np.int64(0), np.int64(3), np.int64(3), np.int64(2), np.int64(3), np.int64(0), np.int64(0), np.int64(2), np.int64(3), np.int64(0), np.int64(3), np.int64(0), np.int64(1), np.int64(3), np.int64(2), np.int64(1), np.int64(1), np.int64(2), np.int64(1), np.int64(2), np.int64(1), np.int64(2), np.int64(0), np.int64(2), np.int64(1), np.int64(2), np.int64(3), np.int64(0), np.int64(0), np.int64(1), np.int64(3), np.int64(1), np.int64(1), np.int64(2), np.int64(3), np.int64(1), np.int64(2), np.int64(0), np.int64(1), np.int64(1), np.int64(2), np.int64(2), np.int64(2), np.int64(0), np.int64(2), np.int64(0), np.int64(0), np.int64(0), np.int64(3), np.int64(1), np.int64(3), np.int64(3), np.int64(3), np.int64(0), np.int64(3), np.int64(1), np.int64(0), np.int64(1), np.int64(1), np.int64(2), np.int64(2), np.int64(1), np.int64(0), np.int64(0), np.int64(2), np.int64(3), np.int64(3), np.int64(2), np.int64(3), np.int64(1), np.int64(1), np.int64(3), np.int64(2), np.int64(1), np.int64(3), np.int64(0), np.int64(0), np.int64(0), np.int64(3), np.int64(1), np.int64(1)]",10,1000,8
18,0,442.0,9033,7.369898249977268,"[np.int64(3), np.int64(3), np.int64(1), np.int64(2), np.int64(2), np.int64(0), np.int64(0), np.int64(0), np.int64(0), np.int64(2), np.int64(0), np.int64(1), np.int64(3), np.int64(2), np.int64(0), np.int64(3), np.int64(3), np.int64(2), np.int64(2), np.int64(1), np.int64(0), np.int64(0), np.int64(1), np.int64(3), np.int64(2), np.int64(0), np.int64(3), np.int64(3), np.int64(0), np.int64(3), np.int64(0), np.int64(1), np.int64(1), np.int64(3), np.int64(1), np.int64(1), np.int64(0), np.int64(0), np.int64(2), np.int64(2), np.int64(3), np.int64(0), np.int64(1), np.int64(3), np.int64(1), np.int64(3), np.int64(1), np.int64(0), np.int64(0), np.int64(2), np.int64(1), np.int64(0), np.int64(1), np.int64(0), np.int64(1), np.int64(3), np.int64(2), np.int64(3), np.int64(0), np.int64(0), np.int64(3), np.int64(2), np.int64(1), np.int64(1), np.int64(3), np.int64(0), np.int64(1), np.int64(0), np.int64(1), np.int64(2), np.int64(0), np.int64(3), np.int64(0), np.int64(0), np.int64(2), np.int64(3), np.int64(1), np.int64(2), np.int64(0), np.int64(2), np.int64(3), np.int64(1), np.int64(2), np.int64(0), np.int64(2), np.int64(1), np.int64(1), np.int64(0), np.int64(2), np.int64(2), np.int64(0), np.int64(1), np.int64(2), np.int64(2), np.int64(0), np.int64(2), np.int64(1), np.int64(2), np.int64(0), np.int64(3), np.int64(3), np.int64(0), np.int64(3), np.int64(0), np.int64(2), np.int64(2), np.int64(0), np.int64(3), np.int64(3), np.int64(3), np.int64(1), np.int64(0), np.int64(0), np.int64(3), np.int64(0), np.int64(0), np.int64(3), np.int64(3), np.int64(2), np.int64(0), np.int64(3), np.int64(2), np.int64(1), np.int64(1), np.int64(1), np.int64(0), np.int64(0), np.int64(3), np.int64(3), np.int64(3), np.int64(3), np.int64(0), np.int64(0), np.int64(2), np.int64(0), np.int64(3), np.int64(2), np.int64(2), np.int64(2), np.int64(3), np.int64(1), np.int64(0), np.int64(3), np.int64(1), np.int64(3), np.int64(1), np.int64(2), np.int64(1), np.int64(0), np.int64(3), np.int64(0), np.int64(2), np.int64(3), np.int64(1), np.int64(3), np.int64(3), np.int64(1), np.int64(3), np.int64(0), np.int64(3), np.int64(1), np.int64(2), np.int64(3), np.int64(0), np.int64(2), np.int64(2), np.int64(2), np.int64(2), np.int64(3), np.int64(3), np.int64(2), np.int64(0), np.int64(2), np.int64(2), np.int64(0), np.int64(3), np.int64(1), np.int64(0), np.int64(2), np.int64(2), np.int64(2), np.int64(2), np.int64(1), np.int64(3), np.int64(0), np.int64(3), np.int64(1), np.int64(3), np.int64(3), np.int64(2), np.int64(3), np.int64(2), np.int64(0), np.int64(0), np.int64(2), np.int64(0), np.int64(1), np.int64(1), np.int64(2), np.int64(0), np.int64(2), np.int64(0), np.int64(1), np.int64(0), np.int64(1), np.int64(3), np.int64(2), np.int64(0), np.int64(2), np.int64(2), np.int64(3), np.int64(2), np.int64(0), np.int64(2), np.int64(3), np.int64(0), np.int64(3), np.int64(1), np.int64(0), np.int64(2), np.int64(1), np.int64(1), np.int64(2), np.int64(1), np.int64(0), np.int64(0), np.int64(3), np.int64(0), np.int64(3), np.int64(2), np.int64(2), np.int64(0), np.int64(1), np.int64(0), np.int64(0), np.int64(2), np.int64(1), np.int64(1), np.int64(1), np.int64(0), np.int64(0), np.int64(1), np.int64(1), np.int64(1), np.int64(1), np.int64(3), np.int64(1), np.int64(2), np.int64(2), np.int64(2), np.int64(0), np.int64(2), np.int64(1), np.int64(3), np.int64(0), np.int64(2), np.int64(3), np.int64(3), np.int64(0), np.int64(1), np.int64(1), np.int64(3), np.int64(2), np.int64(0), np.int64(2), np.int64(1), np.int64(1), np.int64(3), np.int64(2), np.int64(1), np.int64(1), np.int64(2), np.int64(0), np.int64(3), np.int64(1), np.int64(1), np.int64(3), np.int64(2), np.int64(0), np.int64(3), np.int64(0), np.int64(3), np.int64(2), np.int64(0), np.int64(0), np.int64(2), np.int64(1), np.int64(0), np.int64(2), np.int64(0), np.int64(1), np.int64(3), np.int64(3), np.int64(2), np.int64(0), np.int64(1), np.int64(0), np.int64(2), np.int64(0), np.int64(3)]",10,1000,9
19,1000,571.0,10042,8.904619958018884,"[np.int64(3), np.int64(2), np.int64(3), np.int64(3), np.int64(3), np.int64(0), np.int64(2), np.int64(0), np.int64(0), np.int64(2), np.int64(3), np.int64(1), np.int64(0), np.int64(3), np.int64(0), np.int64(3), np.int64(0), np.int64(2), np.int64(2), np.int64(1), np.int64(2), np.int64(0), np.int64(3), np.int64(3), np.int64(2), np.int64(0), np.int64(0), np.int64(2), np.int64(1), np.int64(2), np.int64(0), np.int64(1), np.int64(1), np.int64(1), np.int64(1), np.int64(1), np.int64(0), np.int64(3), np.int64(2), np.int64(3), np.int64(3), np.int64(1), np.int64(2), np.int64(3), np.int64(1), np.int64(1), np.int64(2), np.int64(2), np.int64(0), np.int64(2), np.int64(1), np.int64(0), np.int64(0), np.int64(1), np.int64(1), np.int64(1), np.int64(2), np.int64(3), np.int64(0), np.int64(0), np.int64(3), np.int64(2), np.int64(1), np.int64(0), np.int64(3), np.int64(0), np.int64(1), np.int64(0), np.int64(1), np.int64(2), np.int64(1), np.int64(1), np.int64(0), np.int64(3), np.int64(2), np.int64(3), np.int64(1), np.int64(1), np.int64(0), np.int64(2), np.int64(3), np.int64(1), np.int64(0), np.int64(0), np.int64(2), np.int64(1), np.int64(1), np.int64(2), np.int64(0), np.int64(2), np.int64(0), np.int64(1), np.int64(2), np.int64(0), np.int64(3), np.int64(2), np.int64(2), np.int64(1), np.int64(0), np.int64(3), np.int64(3), np.int64(2), np.int64(3), np.int64(0), np.int64(2), np.int64(3), np.int64(0), np.int64(2), np.int64(2), np.int64(3), np.int64(3), np.int64(2), np.int64(0), np.int64(3), np.int64(2), np.int64(3), np.int64(2), np.int64(3), np.int64(2), np.int64(0), np.int64(3), np.int64(1), np.int64(2), np.int64(3), np.int64(3), np.int64(0), np.int64(0), np.int64(3), np.int64(3), np.int64(3), np.int64(3), np.int64(0), np.int64(0), np.int64(2), np.int64(0), np.int64(3), np.int64(3), np.int64(1), np.int64(2), np.int64(3), np.int64(2), np.int64(0), np.int64(3), np.int64(1), np.int64(3), np.int64(0), np.int64(1), np.int64(1), np.int64(1), np.int64(3), np.int64(0), np.int64(2), np.int64(0), np.int64(1), np.int64(2), np.int64(3), np.int64(1), np.int64(3), np.int64(0), np.int64(3), np.int64(1), np.int64(2), np.int64(3), np.int64(0), np.int64(2), np.int64(2), np.int64(2), np.int64(2), np.int64(3), np.int64(3), np.int64(0), np.int64(0), np.int64(2), np.int64(3), np.int64(0), np.int64(3), np.int64(1), np.int64(0), np.int64(1), np.int64(2), np.int64(2), np.int64(2), np.int64(1), np.int64(0), np.int64(0), np.int64(3), np.int64(1), np.int64(2), np.int64(3), np.int64(2), np.int64(3), np.int64(2), np.int64(0), np.int64(0), np.int64(2), np.int64(0), np.int64(1), np.int64(1), np.int64(2), np.int64(3), np.int64(0), np.int64(0), np.int64(1), np.int64(2), np.int64(1), np.int64(3), np.int64(2), np.int64(2), np.int64(1), np.int64(2), np.int64(3), np.int64(2), np.int64(0), np.int64(2), np.int64(1), np.int64(1), np.int64(3), np.int64(1), np.int64(1), np.int64(2), np.int64(1), np.int64(3), np.int64(1), np.int64(1), np.int64(3), np.int64(0), np.int64(3), np.int64(0), np.int64(1), np.int64(2), np.int64(2), np.int64(0), np.int64(1), np.int64(1), np.int64(0), np.int64(2), np.int64(1), np.int64(1), np.int64(1), np.int64(0), np.int64(0), np.int64(1), np.int64(0), np.int64(2), np.int64(1), np.int64(3), np.int64(1), np.int64(2), np.int64(2), np.int64(2), np.int64(0), np.int64(2), np.int64(3), np.int64(0), np.int64(0), np.int64(2), np.int64(3), np.int64(3), np.int64(2), np.int64(0), np.int64(1), np.int64(3), np.int64(0), np.int64(0), np.int64(2), np.int64(1), np.int64(1), np.int64(3), np.int64(2), np.int64(3), np.int64(1), np.int64(1), np.int64(0), np.int64(3), np.int64(3), np.int64(1), np.int64(3), np.int64(0), np.int64(0), np.int64(1), np.int64(0), np.int64(3), np.int64(1), np.int64(0), np.int64(0), np.int64(2), np.int64(1), np.int64(0), np.int64(2), np.int64(0), np.int64(1), np.int64(3), np.int64(3), np.int64(0), np.int64(0), np.int64(1), np.int64(0), np.int64(2), np.int64(0), np.int64(0)]",10,1000,9
20,0,444.0,10042,8.935798415972386,"[np.int64(2), np.int64(1), np.int64(1), np.int64(1), np.int64(1), np.int64(2), np.int64(1), np.int64(0), np.int64(1), np.int64(3), np.int64(3), np.int64(3), np.int64(1), np.int64(0), np.int64(1), np.int64(1), np.int64(2), np.int64(3), np.int64(1), np.int64(3), np.int64(1), np.int64(1), np.int64(2), np.int64(2), np.int64(1), np.int64(0), np.int64(3), np.int64(0), np.int64(3), np.int64(0), np.int64(2), np.int64(1), np.int64(1), np.int64(3), np.int64(1), np.int64(1), np.int64(3), np.int64(1), np.int64(2), np.int64(0), np.int64(1), np.int64(2), np.int64(1), np.int64(3), np.int64(1), np.int64(0), np.int64(1), np.int64(1), np.int64(1), np.int64(1), np.int64(0), np.int64(1), np.int64(3), np.int64(1), np.int64(3), np.int64(3), np.int64(2), np.int64(1), np.int64(1), np.int64(2), np.int64(2), np.int64(2), np.int64(0), np.int64(2), np.int64(3), np.int64(1), np.int64(0), np.int64(1), np.int64(2), np.int64(0), np.int64(1), np.int64(3), np.int64(1), np.int64(0), np.int64(2), np.int64(1), np.int64(0), np.int64(2), np.int64(0), np.int64(0), np.int64(1), np.int64(0), np.int64(0), np.int64(3), np.int64(1), np.int64(2), np.int64(3), np.int64(0), np.int64(2), np.int64(2), np.int64(1), np.int64(0), np.int64(1), np.int64(3), np.int64(0), np.int64(3), np.int64(0), np.int64(0), np.int64(1), np.int64(2), np.int64(1), np.int64(1), np.int64(1), np.int64(0), np.int64(0), np.int64(1), np.int64(3), np.int64(3), np.int64(1), np.int64(0), np.int64(3), np.int64(3), np.int64(2), np.int64(1), np.int64(3), np.int64(2), np.int64(0), np.int64(3), np.int64(0), np.int64(2), np.int64(0), np.int64(2), np.int64(3), np.int64(0), np.int64(2), np.int64(2), np.int64(1), np.int64(1), np.int64(3), np.int64(0), np.int64(0), np.int64(1), np.int64(0), np.int64(0), np.int64(1), np.int64(0), np.int64(2), np.int64(0), np.int64(0), np.int64(2), np.int64(1), np.int64(1), np.int64(0), np.int64(1), np.int64(3), np.int64(2), np.int64(3), np.int64(3), np.int64(1), np.int64(3), np.int64(2), np.int64(2), np.int64(2), np.int64(0), np.int64(1), np.int64(0), np.int64(2), np.int64(0), np.int64(2), np.int64(1), np.int64(1), np.int64(0), np.int64(2), np.int64(0), np.int64(3), np.int64(2), np.int64(1), np.int64(3), np.int64(2), np.int64(2), np.int64(3), np.int64(1), np.int64(1), np.int64(2), np.int64(1), np.int64(2), np.int64(2), np.int64(1), np.int64(3), np.int64(1), np.int64(1), np.int64(0), np.int64(3), np.int64(1), np.int64(0), np.int64(3), np.int64(1), np.int64(0), np.int64(1), np.int64(0), np.int64(1), np.int64(1), np.int64(1), np.int64(2), np.int64(0), np.int64(2), np.int64(2), np.int64(0), np.int64(3), np.int64(3), np.int64(2), np.int64(1), np.int64(2), np.int64(2), np.int64(1), np.int64(1), np.int64(1), np.int64(3), np.int64(1), np.int64(2), np.int64(0), np.int64(0), np.int64(3), np.int64(1), np.int64(1), np.int64(1), np.int64(0), np.int64(1), np.int64(2), np.int64(3), np.int64(0), np.int64(3), np.int64(2), np.int64(0), np.int64(0), np.int64(3), np.int64(3), np.int64(0), np.int64(2), np.int64(3), np.int64(0), np.int64(2), np.int64(2), np.int64(1), np.int64(1), np.int64(3), np.int64(3), np.int64(2), np.int64(3), np.int64(2), np.int64(0), np.int64(2), np.int64(1), np.int64(2), np.int64(1), np.int64(1), np.int64(0), np.int64(2), np.int64(2), np.int64(2), np.int64(2), np.int64(2), np.int64(3), np.int64(2), np.int64(3), np.int64(1), np.int64(0), np.int64(2), np.int64(1), np.int64(2), np.int64(0), np.int64(1), np.int64(1), np.int64(0), np.int64(1), np.int64(0), np.int64(2), np.int64(3), np.int64(1), np.int64(0), np.int64(1), np.int64(2), np.int64(3), np.int64(3), np.int64(1), np.int64(3), np.int64(2), np.int64(1), np.int64(1), np.int64(0), np.int64(2), np.int64(1), np.int64(1), np.int64(1), np.int64(1), np.int64(3), np.int64(0), np.int64(0), np.int64(1), np.int64(1), np.int64(0), np.int64(1), np.int64(2), np.int64(3), np.int64(2), np.int64(2), np.int64(3), np.int64(3), np.int64(2), np.int64(1)]",10,1000,10
21,1000,567.0,10975,10.432327749964315,"[np.int64(2), np.int64(3), np.int64(2), np.int64(1), np.int64(1), np.int64(3), np.int64(2), np.int64(3), np.int64(1), np.int64(0), np.int64(3), np.int64(3), np.int64(1), np.int64(2), np.int64(1), np.int64(1), np.int64(2), np.int64(3), np.int64(1), np.int64(3), np.int64(0), np.int64(1), np.int64(2), np.int64(3), np.int64(0), np.int64(3), np.int64(3), np.int64(3), np.int64(3), np.int64(0), np.int64(2), np.int64(1), np.int64(1), np.int64(1), np.int64(3), np.int64(3), np.int64(3), np.int64(1), np.int64(2), np.int64(0), np.int64(1), np.int64(0), np.int64(0), np.int64(3), np.int64(1), np.int64(0), np.int64(1), np.int64(1), np.int64(0), np.int64(1), np.int64(0), np.int64(0), np.int64(3), np.int64(2), np.int64(3), np.int64(3), np.int64(2), np.int64(2), np.int64(0), np.int64(3), np.int64(2), np.int64(1), np.int64(0), np.int64(2), np.int64(3), np.int64(1), np.int64(0), np.int64(2), np.int64(1), np.int64(0), np.int64(1), np.int64(3), np.int64(1), np.int64(0), np.int64(3), np.int64(2), np.int64(3), np.int64(1), np.int64(0), np.int64(0), np.int64(2), np.int64(0), np.int64(0), np.int64(3), np.int64(3), np.int64(2), np.int64(3), np.int64(0), np.int64(1), np.int64(2), np.int64(1), np.int64(0), np.int64(1), np.int64(3), np.int64(0), np.int64(3), np.int64(0), np.int64(0), np.int64(3), np.int64(2), np.int64(1), np.int64(3), np.int64(1), np.int64(0), np.int64(0), np.int64(1), np.int64(2), np.int64(2), np.int64(1), np.int64(0), np.int64(3), np.int64(3), np.int64(3), np.int64(1), np.int64(3), np.int64(1), np.int64(0), np.int64(3), np.int64(0), np.int64(2), np.int64(0), np.int64(2), np.int64(3), np.int64(0), np.int64(0), np.int64(2), np.int64(3), np.int64(1), np.int64(3), np.int64(0), np.int64(0), np.int64(1), np.int64(0), np.int64(0), np.int64(2), np.int64(0), np.int64(2), np.int64(0), np.int64(0), np.int64(2), np.int64(1), np.int64(1), np.int64(0), np.int64(3), np.int64(2), np.int64(2), np.int64(3), np.int64(3), np.int64(0), np.int64(3), np.int64(2), np.int64(2), np.int64(2), np.int64(0), np.int64(1), np.int64(3), np.int64(1), np.int64(0), np.int64(2), np.int64(1), np.int64(1), np.int64(0), np.int64(1), np.int64(2), np.int64(1), np.int64(2), np.int64(1), np.int64(3), np.int64(2), np.int64(2), np.int64(1), np.int64(1), np.int64(1), np.int64(2), np.int64(1), np.int64(2), np.int64(2), np.int64(1), np.int64(2), np.int64(1), np.int64(1), np.int64(0), np.int64(3), np.int64(0), np.int64(0), np.int64(3), np.int64(1), np.int64(0), np.int64(3), np.int64(0), np.int64(1), np.int64(0), np.int64(1), np.int64(2), np.int64(0), np.int64(2), np.int64(2), np.int64(0), np.int64(3), np.int64(3), np.int64(2), np.int64(1), np.int64(2), np.int64(2), np.int64(3), np.int64(1), np.int64(1), np.int64(2), np.int64(1), np.int64(2), np.int64(1), np.int64(0), np.int64(3), np.int64(3), np.int64(2), np.int64(2), np.int64(3), np.int64(0), np.int64(2), np.int64(3), np.int64(0), np.int64(3), np.int64(2), np.int64(0), np.int64(1), np.int64(3), np.int64(0), np.int64(0), np.int64(3), np.int64(3), np.int64(1), np.int64(2), np.int64(2), np.int64(1), np.int64(1), np.int64(3), np.int64(3), np.int64(2), np.int64(0), np.int64(2), np.int64(1), np.int64(3), np.int64(1), np.int64(2), np.int64(0), np.int64(1), np.int64(1), np.int64(2), np.int64(2), np.int64(3), np.int64(2), np.int64(2), np.int64(3), np.int64(2), np.int64(3), np.int64(0), np.int64(1), np.int64(2), np.int64(1), np.int64(2), np.int64(0), np.int64(3), np.int64(3), np.int64(2), np.int64(1), np.int64(2), np.int64(2), np.int64(0), np.int64(1), np.int64(1), np.int64(1), np.int64(2), np.int64(1), np.int64(3), np.int64(1), np.int64(3), np.int64(2), np.int64(1), np.int64(0), np.int64(0), np.int64(2), np.int64(1), np.int64(2), np.int64(1), np.int64(1), np.int64(3), np.int64(0), np.int64(0), np.int64(1), np.int64(1), np.int64(3), np.int64(1), np.int64(2), np.int64(3), np.int64(1), np.int64(1), np.int64(3), np.int64(3), np.int64(2), np.int64(3)]",10,1000,10
